cusip,prc,openprc,date,htick,hcomnam,hsiccd,numshr
52887230,6.91,6.52,2019-01-02,LXRX,LEXICON PHARMACEUTICALS INC,8731.0,232.0
52887230,6.82,6.9,2019-01-03,LXRX,LEXICON PHARMACEUTICALS INC,8731.0,232.0
52887230,7.22,6.92,2019-01-04,LXRX,LEXICON PHARMACEUTICALS INC,8731.0,232.0
52887230,7.38,7.29,2019-01-07,LXRX,LEXICON PHARMACEUTICALS INC,8731.0,232.0
52887230,7.34,7.48,2019-01-08,LXRX,LEXICON PHARMACEUTICALS INC,8731.0,232.0
52887230,7.4,7.37,2019-01-09,LXRX,LEXICON PHARMACEUTICALS INC,8731.0,232.0
52887230,7.46,7.37,2019-01-10,LXRX,LEXICON PHARMACEUTICALS INC,8731.0,232.0
52887230,7.54,7.34,2019-01-11,LXRX,LEXICON PHARMACEUTICALS INC,8731.0,232.0
52887230,7.35,7.5,2019-01-14,LXRX,LEXICON PHARMACEUTICALS INC,8731.0,232.0
52887230,7.6,7.48,2019-01-15,LXRX,LEXICON PHARMACEUTICALS INC,8731.0,232.0
52887230,7.7,7.63,2019-01-16,LXRX,LEXICON PHARMACEUTICALS INC,8731.0,232.0
52887230,,,2019-01-17,LXRX,LEXICON PHARMACEUTICALS INC,8731.0,232.0
52887230,5.96,5.8,2019-01-18,LXRX,LEXICON PHARMACEUTICALS INC,8731.0,232.0
52887230,5.75,5.99,2019-01-22,LXRX,LEXICON PHARMACEUTICALS INC,8731.0,232.0
52887230,5.01,5.79,2019-01-23,LXRX,LEXICON PHARMACEUTICALS INC,8731.0,232.0
52887230,4.57,4.98,2019-01-24,LXRX,LEXICON PHARMACEUTICALS INC,8731.0,232.0
52887230,4.46,4.56,2019-01-25,LXRX,LEXICON PHARMACEUTICALS INC,8731.0,232.0
52887230,4.47,4.56,2019-01-28,LXRX,LEXICON PHARMACEUTICALS INC,8731.0,232.0
52887230,4.36,4.49,2019-01-29,LXRX,LEXICON PHARMACEUTICALS INC,8731.0,232.0
52887230,4.41,4.34,2019-01-30,LXRX,LEXICON PHARMACEUTICALS INC,8731.0,232.0
52887230,4.73,4.4,2019-01-31,LXRX,LEXICON PHARMACEUTICALS INC,8731.0,232.0
52887230,4.81,4.71,2019-02-01,LXRX,LEXICON PHARMACEUTICALS INC,8731.0,232.0
52887230,5.05,4.82,2019-02-04,LXRX,LEXICON PHARMACEUTICALS INC,8731.0,232.0
52887230,5.19,5.06,2019-02-05,LXRX,LEXICON PHARMACEUTICALS INC,8731.0,232.0
52887230,5.16,5.18,2019-02-06,LXRX,LEXICON PHARMACEUTICALS INC,8731.0,232.0
52887230,4.96,5.14,2019-02-07,LXRX,LEXICON PHARMACEUTICALS INC,8731.0,232.0
52887230,4.85,4.99,2019-02-08,LXRX,LEXICON PHARMACEUTICALS INC,8731.0,232.0
52887230,4.98,4.87,2019-02-11,LXRX,LEXICON PHARMACEUTICALS INC,8731.0,232.0
52887230,5.0,5.0,2019-02-12,LXRX,LEXICON PHARMACEUTICALS INC,8731.0,232.0
52887230,5.12,5.03,2019-02-13,LXRX,LEXICON PHARMACEUTICALS INC,8731.0,232.0
52887230,5.12,5.12,2019-02-14,LXRX,LEXICON PHARMACEUTICALS INC,8731.0,232.0
52887230,5.35,5.14,2019-02-15,LXRX,LEXICON PHARMACEUTICALS INC,8731.0,232.0
52887230,5.31,5.37,2019-02-19,LXRX,LEXICON PHARMACEUTICALS INC,8731.0,232.0
52887230,5.35,5.33,2019-02-20,LXRX,LEXICON PHARMACEUTICALS INC,8731.0,232.0
52887230,5.34,5.34,2019-02-21,LXRX,LEXICON PHARMACEUTICALS INC,8731.0,232.0
52887230,5.51,5.36,2019-02-22,LXRX,LEXICON PHARMACEUTICALS INC,8731.0,232.0
52887230,5.49,5.55,2019-02-25,LXRX,LEXICON PHARMACEUTICALS INC,8731.0,232.0
52887230,5.48,5.45,2019-02-26,LXRX,LEXICON PHARMACEUTICALS INC,8731.0,232.0
52887230,5.51,5.5,2019-02-27,LXRX,LEXICON PHARMACEUTICALS INC,8731.0,232.0
52887230,5.32,5.6,2019-02-28,LXRX,LEXICON PHARMACEUTICALS INC,8731.0,232.0
52887230,6.81,5.57,2019-03-01,LXRX,LEXICON PHARMACEUTICALS INC,8731.0,232.0
52887230,6.87,6.95,2019-03-04,LXRX,LEXICON PHARMACEUTICALS INC,8731.0,232.0
52887230,6.71,6.95,2019-03-05,LXRX,LEXICON PHARMACEUTICALS INC,8731.0,232.0
52887230,6.35,6.69,2019-03-06,LXRX,LEXICON PHARMACEUTICALS INC,8731.0,232.0
52887230,6.64,6.4,2019-03-07,LXRX,LEXICON PHARMACEUTICALS INC,8731.0,232.0
52887230,6.55,6.55,2019-03-08,LXRX,LEXICON PHARMACEUTICALS INC,8731.0,232.0
52887230,6.93,6.58,2019-03-11,LXRX,LEXICON PHARMACEUTICALS INC,8731.0,232.0
52887230,7.17,6.96,2019-03-12,LXRX,LEXICON PHARMACEUTICALS INC,8731.0,232.0
52887230,7.86,7.69,2019-03-13,LXRX,LEXICON PHARMACEUTICALS INC,8731.0,232.0
52887230,7.33,7.34,2019-03-14,LXRX,LEXICON PHARMACEUTICALS INC,8731.0,232.0
52887230,7.41,7.35,2019-03-15,LXRX,LEXICON PHARMACEUTICALS INC,8731.0,232.0
52887230,7.62,7.45,2019-03-18,LXRX,LEXICON PHARMACEUTICALS INC,8731.0,232.0
52887230,7.8,7.63,2019-03-19,LXRX,LEXICON PHARMACEUTICALS INC,8731.0,232.0
52887230,7.74,8.25,2019-03-20,LXRX,LEXICON PHARMACEUTICALS INC,8731.0,232.0
52887230,7.94,7.78,2019-03-21,LXRX,LEXICON PHARMACEUTICALS INC,8731.0,232.0
52887230,6.2,7.91,2019-03-22,LXRX,LEXICON PHARMACEUTICALS INC,8731.0,232.0
52887230,5.66,5.95,2019-03-25,LXRX,LEXICON PHARMACEUTICALS INC,8731.0,232.0
52887230,5.41,5.72,2019-03-26,LXRX,LEXICON PHARMACEUTICALS INC,8731.0,232.0
52887230,5.32,5.41,2019-03-27,LXRX,LEXICON PHARMACEUTICALS INC,8731.0,232.0
52887230,5.26,5.3,2019-03-28,LXRX,LEXICON PHARMACEUTICALS INC,8731.0,232.0
52887230,5.56,5.31,2019-03-29,LXRX,LEXICON PHARMACEUTICALS INC,8731.0,232.0
52887230,5.45,5.58,2019-04-01,LXRX,LEXICON PHARMACEUTICALS INC,8731.0,232.0
52887230,5.73,5.45,2019-04-02,LXRX,LEXICON PHARMACEUTICALS INC,8731.0,232.0
52887230,5.92,5.76,2019-04-03,LXRX,LEXICON PHARMACEUTICALS INC,8731.0,232.0
52887230,6.07,5.92,2019-04-04,LXRX,LEXICON PHARMACEUTICALS INC,8731.0,232.0
52887230,6.22,6.07,2019-04-05,LXRX,LEXICON PHARMACEUTICALS INC,8731.0,232.0
52887230,6.12,6.28,2019-04-08,LXRX,LEXICON PHARMACEUTICALS INC,8731.0,232.0
52887230,6.12,6.1,2019-04-09,LXRX,LEXICON PHARMACEUTICALS INC,8731.0,232.0
52887230,6.25,6.15,2019-04-10,LXRX,LEXICON PHARMACEUTICALS INC,8731.0,232.0
52887230,6.21,6.25,2019-04-11,LXRX,LEXICON PHARMACEUTICALS INC,8731.0,232.0
52887230,6.07,6.27,2019-04-12,LXRX,LEXICON PHARMACEUTICALS INC,8731.0,232.0
52887230,5.93,6.08,2019-04-15,LXRX,LEXICON PHARMACEUTICALS INC,8731.0,232.0
52887230,5.89,5.96,2019-04-16,LXRX,LEXICON PHARMACEUTICALS INC,8731.0,232.0
52887230,5.66,5.92,2019-04-17,LXRX,LEXICON PHARMACEUTICALS INC,8731.0,232.0
52887230,5.58,5.65,2019-04-18,LXRX,LEXICON PHARMACEUTICALS INC,8731.0,232.0
52887230,5.66,5.57,2019-04-22,LXRX,LEXICON PHARMACEUTICALS INC,8731.0,232.0
52887230,5.84,5.67,2019-04-23,LXRX,LEXICON PHARMACEUTICALS INC,8731.0,232.0
52887230,5.77,5.86,2019-04-24,LXRX,LEXICON PHARMACEUTICALS INC,8731.0,232.0
52887230,5.67,5.72,2019-04-25,LXRX,LEXICON PHARMACEUTICALS INC,8731.0,232.0
52887230,5.96,5.65,2019-04-26,LXRX,LEXICON PHARMACEUTICALS INC,8731.0,232.0
52887230,5.95,6.4,2019-04-29,LXRX,LEXICON PHARMACEUTICALS INC,8731.0,232.0
52887230,5.8,5.9,2019-04-30,LXRX,LEXICON PHARMACEUTICALS INC,8731.0,232.0
52887230,5.97,5.82,2019-05-01,LXRX,LEXICON PHARMACEUTICALS INC,8731.0,232.0
52887230,6.07,6.0,2019-05-02,LXRX,LEXICON PHARMACEUTICALS INC,8731.0,232.0
52887230,6.56,6.08,2019-05-03,LXRX,LEXICON PHARMACEUTICALS INC,8731.0,232.0
52887230,7.01,6.4,2019-05-06,LXRX,LEXICON PHARMACEUTICALS INC,8731.0,232.0
52887230,7.03,7.0,2019-05-07,LXRX,LEXICON PHARMACEUTICALS INC,8731.0,232.0
52887230,7.11,7.04,2019-05-08,LXRX,LEXICON PHARMACEUTICALS INC,8731.0,232.0
52887230,6.88,7.04,2019-05-09,LXRX,LEXICON PHARMACEUTICALS INC,8731.0,232.0
52887230,6.77,6.85,2019-05-10,LXRX,LEXICON PHARMACEUTICALS INC,8731.0,232.0
52887230,6.4,6.54,2019-05-13,LXRX,LEXICON PHARMACEUTICALS INC,8731.0,232.0
52887230,6.45,6.44,2019-05-14,LXRX,LEXICON PHARMACEUTICALS INC,8731.0,232.0
52887230,6.46,6.39,2019-05-15,LXRX,LEXICON PHARMACEUTICALS INC,8731.0,232.0
52887230,6.29,6.48,2019-05-16,LXRX,LEXICON PHARMACEUTICALS INC,8731.0,232.0
52887230,6.2,6.21,2019-05-17,LXRX,LEXICON PHARMACEUTICALS INC,8731.0,232.0
52887230,5.82,6.2,2019-05-20,LXRX,LEXICON PHARMACEUTICALS INC,8731.0,232.0
52887230,6.07,5.92,2019-05-21,LXRX,LEXICON PHARMACEUTICALS INC,8731.0,232.0
52887230,5.88,6.04,2019-05-22,LXRX,LEXICON PHARMACEUTICALS INC,8731.0,232.0
52887230,5.76,5.79,2019-05-23,LXRX,LEXICON PHARMACEUTICALS INC,8731.0,232.0
52887230,5.92,5.79,2019-05-24,LXRX,LEXICON PHARMACEUTICALS INC,8731.0,232.0
52887230,5.92,5.94,2019-05-28,LXRX,LEXICON PHARMACEUTICALS INC,8731.0,232.0
52887230,5.82,5.86,2019-05-29,LXRX,LEXICON PHARMACEUTICALS INC,8731.0,232.0
52887230,5.66,5.84,2019-05-30,LXRX,LEXICON PHARMACEUTICALS INC,8731.0,232.0
52887230,5.38,5.59,2019-05-31,LXRX,LEXICON PHARMACEUTICALS INC,8731.0,232.0
52887230,5.35,5.38,2019-06-03,LXRX,LEXICON PHARMACEUTICALS INC,8731.0,232.0
52887230,5.56,5.4,2019-06-04,LXRX,LEXICON PHARMACEUTICALS INC,8731.0,232.0
52887230,5.67,5.6,2019-06-05,LXRX,LEXICON PHARMACEUTICALS INC,8731.0,232.0
52887230,5.52,5.66,2019-06-06,LXRX,LEXICON PHARMACEUTICALS INC,8731.0,232.0
52887230,5.65,5.55,2019-06-07,LXRX,LEXICON PHARMACEUTICALS INC,8731.0,232.0
52887230,5.54,5.7,2019-06-10,LXRX,LEXICON PHARMACEUTICALS INC,8731.0,232.0
52887230,5.53,5.59,2019-06-11,LXRX,LEXICON PHARMACEUTICALS INC,8731.0,232.0
52887230,5.79,5.52,2019-06-12,LXRX,LEXICON PHARMACEUTICALS INC,8731.0,232.0
52887230,5.86,5.8,2019-06-13,LXRX,LEXICON PHARMACEUTICALS INC,8731.0,232.0
52887230,5.65,5.88,2019-06-14,LXRX,LEXICON PHARMACEUTICALS INC,8731.0,232.0
52887230,5.9,5.69,2019-06-17,LXRX,LEXICON PHARMACEUTICALS INC,8731.0,232.0
52887230,6.04,5.95,2019-06-18,LXRX,LEXICON PHARMACEUTICALS INC,8731.0,232.0
52887230,6.25,6.08,2019-06-19,LXRX,LEXICON PHARMACEUTICALS INC,8731.0,232.0
52887230,6.0,6.32,2019-06-20,LXRX,LEXICON PHARMACEUTICALS INC,8731.0,232.0
52887230,5.94,5.96,2019-06-21,LXRX,LEXICON PHARMACEUTICALS INC,8731.0,232.0
52887230,5.76,5.94,2019-06-24,LXRX,LEXICON PHARMACEUTICALS INC,8731.0,232.0
52887230,5.75,5.8,2019-06-25,LXRX,LEXICON PHARMACEUTICALS INC,8731.0,232.0
52887230,5.69,5.77,2019-06-26,LXRX,LEXICON PHARMACEUTICALS INC,8731.0,232.0
52887230,6.1,5.73,2019-06-27,LXRX,LEXICON PHARMACEUTICALS INC,8731.0,232.0
52887230,6.29,6.09,2019-06-28,LXRX,LEXICON PHARMACEUTICALS INC,8731.0,232.0
52887230,6.66,6.37,2019-07-01,LXRX,LEXICON PHARMACEUTICALS INC,8731.0,232.0
52887230,6.24,6.65,2019-07-02,LXRX,LEXICON PHARMACEUTICALS INC,8731.0,232.0
52887230,6.36,6.26,2019-07-03,LXRX,LEXICON PHARMACEUTICALS INC,8731.0,232.0
52887230,6.29,6.37,2019-07-05,LXRX,LEXICON PHARMACEUTICALS INC,8731.0,232.0
52887230,6.26,6.3,2019-07-08,LXRX,LEXICON PHARMACEUTICALS INC,8731.0,232.0
52887230,6.37,6.21,2019-07-09,LXRX,LEXICON PHARMACEUTICALS INC,8731.0,232.0
52887230,6.34,6.42,2019-07-10,LXRX,LEXICON PHARMACEUTICALS INC,8731.0,232.0
52887230,6.2,6.34,2019-07-11,LXRX,LEXICON PHARMACEUTICALS INC,8731.0,232.0
52887230,6.2,6.22,2019-07-12,LXRX,LEXICON PHARMACEUTICALS INC,8731.0,232.0
52887230,5.94,6.2,2019-07-15,LXRX,LEXICON PHARMACEUTICALS INC,8731.0,232.0
52887230,5.54,5.88,2019-07-16,LXRX,LEXICON PHARMACEUTICALS INC,8731.0,232.0
52887230,5.35,5.54,2019-07-17,LXRX,LEXICON PHARMACEUTICALS INC,8731.0,232.0
52887230,5.33,5.35,2019-07-18,LXRX,LEXICON PHARMACEUTICALS INC,8731.0,232.0
52887230,5.28,5.31,2019-07-19,LXRX,LEXICON PHARMACEUTICALS INC,8731.0,232.0
52887230,5.45,5.31,2019-07-22,LXRX,LEXICON PHARMACEUTICALS INC,8731.0,232.0
52887230,5.39,5.5,2019-07-23,LXRX,LEXICON PHARMACEUTICALS INC,8731.0,232.0
52887230,5.52,5.37,2019-07-24,LXRX,LEXICON PHARMACEUTICALS INC,8731.0,232.0
52887230,5.61,5.53,2019-07-25,LXRX,LEXICON PHARMACEUTICALS INC,8731.0,232.0
52887230,5.69,5.6,2019-07-26,LXRX,LEXICON PHARMACEUTICALS INC,8731.0,232.0
52887230,1.69,2.47,2019-07-29,LXRX,LEXICON PHARMACEUTICALS INC,8731.0,232.0
52887230,1.66,1.7,2019-07-30,LXRX,LEXICON PHARMACEUTICALS INC,8731.0,232.0
52887230,1.35,1.53,2019-07-31,LXRX,LEXICON PHARMACEUTICALS INC,8731.0,232.0
52887230,1.31,1.3,2019-08-01,LXRX,LEXICON PHARMACEUTICALS INC,8731.0,232.0
52887230,1.2,1.31,2019-08-02,LXRX,LEXICON PHARMACEUTICALS INC,8731.0,232.0
52887230,1.33,1.25,2019-08-05,LXRX,LEXICON PHARMACEUTICALS INC,8731.0,232.0
52887230,1.34,1.38,2019-08-06,LXRX,LEXICON PHARMACEUTICALS INC,8731.0,232.0
52887230,1.32,1.3,2019-08-07,LXRX,LEXICON PHARMACEUTICALS INC,8731.0,232.0
52887230,1.28,1.35,2019-08-08,LXRX,LEXICON PHARMACEUTICALS INC,8731.0,232.0
52887230,1.53,1.34,2019-08-09,LXRX,LEXICON PHARMACEUTICALS INC,8731.0,232.0
52887230,1.47,1.55,2019-08-12,LXRX,LEXICON PHARMACEUTICALS INC,8731.0,232.0
52887230,1.46,1.49,2019-08-13,LXRX,LEXICON PHARMACEUTICALS INC,8731.0,232.0
52887230,1.45,1.45,2019-08-14,LXRX,LEXICON PHARMACEUTICALS INC,8731.0,232.0
52887230,1.32,1.45,2019-08-15,LXRX,LEXICON PHARMACEUTICALS INC,8731.0,232.0
52887230,1.37,1.35,2019-08-16,LXRX,LEXICON PHARMACEUTICALS INC,8731.0,232.0
52887230,1.41,1.38,2019-08-19,LXRX,LEXICON PHARMACEUTICALS INC,8731.0,232.0
52887230,1.32,1.41,2019-08-20,LXRX,LEXICON PHARMACEUTICALS INC,8731.0,232.0
52887230,1.41,1.4,2019-08-21,LXRX,LEXICON PHARMACEUTICALS INC,8731.0,232.0
52887230,1.36,1.4,2019-08-22,LXRX,LEXICON PHARMACEUTICALS INC,8731.0,232.0
52887230,1.3,1.36,2019-08-23,LXRX,LEXICON PHARMACEUTICALS INC,8731.0,232.0
52887230,1.33,1.34,2019-08-26,LXRX,LEXICON PHARMACEUTICALS INC,8731.0,232.0
52887230,1.29,1.33,2019-08-27,LXRX,LEXICON PHARMACEUTICALS INC,8731.0,232.0
52887230,1.31,1.3,2019-08-28,LXRX,LEXICON PHARMACEUTICALS INC,8731.0,232.0
52887230,1.32,1.33,2019-08-29,LXRX,LEXICON PHARMACEUTICALS INC,8731.0,232.0
52887230,1.32,1.33,2019-08-30,LXRX,LEXICON PHARMACEUTICALS INC,8731.0,232.0
52887230,1.29,1.35,2019-09-03,LXRX,LEXICON PHARMACEUTICALS INC,8731.0,232.0
52887230,1.25,1.3,2019-09-04,LXRX,LEXICON PHARMACEUTICALS INC,8731.0,232.0
52887230,1.29,1.28,2019-09-05,LXRX,LEXICON PHARMACEUTICALS INC,8731.0,232.0
52887230,1.38,1.3,2019-09-06,LXRX,LEXICON PHARMACEUTICALS INC,8731.0,232.0
52887230,1.42,1.39,2019-09-09,LXRX,LEXICON PHARMACEUTICALS INC,8731.0,232.0
52887230,1.72,1.4,2019-09-10,LXRX,LEXICON PHARMACEUTICALS INC,8731.0,232.0
52887230,2.2,2.36,2019-09-11,LXRX,LEXICON PHARMACEUTICALS INC,8731.0,232.0
52887230,2.42,2.1,2019-09-12,LXRX,LEXICON PHARMACEUTICALS INC,8731.0,232.0
52887230,2.34,2.37,2019-09-13,LXRX,LEXICON PHARMACEUTICALS INC,8731.0,232.0
52887230,2.74,2.35,2019-09-16,LXRX,LEXICON PHARMACEUTICALS INC,8731.0,232.0
52887230,2.94,2.92,2019-09-17,LXRX,LEXICON PHARMACEUTICALS INC,8731.0,232.0
52887230,3.8,3.1,2019-09-18,LXRX,LEXICON PHARMACEUTICALS INC,8731.0,232.0
52887230,3.45,3.81,2019-09-19,LXRX,LEXICON PHARMACEUTICALS INC,8731.0,232.0
52887230,3.56,3.47,2019-09-20,LXRX,LEXICON PHARMACEUTICALS INC,8731.0,232.0
52887230,3.36,3.48,2019-09-23,LXRX,LEXICON PHARMACEUTICALS INC,8731.0,232.0
52887230,3.18,3.36,2019-09-24,LXRX,LEXICON PHARMACEUTICALS INC,8731.0,232.0
52887230,3.495,3.19,2019-09-25,LXRX,LEXICON PHARMACEUTICALS INC,8731.0,232.0
52887230,3.39,3.55,2019-09-26,LXRX,LEXICON PHARMACEUTICALS INC,8731.0,232.0
52887230,3.435,3.37,2019-09-27,LXRX,LEXICON PHARMACEUTICALS INC,8731.0,232.0
52887230,3.01,3.26,2019-09-30,LXRX,LEXICON PHARMACEUTICALS INC,8731.0,232.0
52887230,3.16,3.02,2019-10-01,LXRX,LEXICON PHARMACEUTICALS INC,8731.0,232.0
52887230,3.28,3.12,2019-10-02,LXRX,LEXICON PHARMACEUTICALS INC,8731.0,232.0
52887230,3.35,3.3,2019-10-03,LXRX,LEXICON PHARMACEUTICALS INC,8731.0,232.0
52887230,3.46,3.36,2019-10-04,LXRX,LEXICON PHARMACEUTICALS INC,8731.0,232.0
52887230,3.56,3.3,2019-10-07,LXRX,LEXICON PHARMACEUTICALS INC,8731.0,232.0
52887230,3.6,3.55,2019-10-08,LXRX,LEXICON PHARMACEUTICALS INC,8731.0,232.0
52887230,3.33,3.61,2019-10-09,LXRX,LEXICON PHARMACEUTICALS INC,8731.0,232.0
52887230,3.37,3.29,2019-10-10,LXRX,LEXICON PHARMACEUTICALS INC,8731.0,232.0
52887230,3.3,3.39,2019-10-11,LXRX,LEXICON PHARMACEUTICALS INC,8731.0,232.0
52887230,3.24,3.3,2019-10-14,LXRX,LEXICON PHARMACEUTICALS INC,8731.0,232.0
52887230,3.2,3.24,2019-10-15,LXRX,LEXICON PHARMACEUTICALS INC,8731.0,232.0
52887230,3.31,3.18,2019-10-16,LXRX,LEXICON PHARMACEUTICALS INC,8731.0,232.0
52887230,3.26,3.31,2019-10-17,LXRX,LEXICON PHARMACEUTICALS INC,8731.0,232.0
52887230,3.2,3.24,2019-10-18,LXRX,LEXICON PHARMACEUTICALS INC,8731.0,232.0
52887230,3.3,3.22,2019-10-21,LXRX,LEXICON PHARMACEUTICALS INC,8731.0,232.0
52887230,3.4,3.28,2019-10-22,LXRX,LEXICON PHARMACEUTICALS INC,8731.0,232.0
52887230,3.58,3.4,2019-10-23,LXRX,LEXICON PHARMACEUTICALS INC,8731.0,232.0
52887230,3.65,3.6,2019-10-24,LXRX,LEXICON PHARMACEUTICALS INC,8731.0,232.0
52887230,3.87,3.62,2019-10-25,LXRX,LEXICON PHARMACEUTICALS INC,8731.0,232.0
52887230,4.02,3.91,2019-10-28,LXRX,LEXICON PHARMACEUTICALS INC,8731.0,232.0
52887230,3.91,4.02,2019-10-29,LXRX,LEXICON PHARMACEUTICALS INC,8731.0,232.0
52887230,3.84,3.9,2019-10-30,LXRX,LEXICON PHARMACEUTICALS INC,8731.0,232.0
52887230,3.71,3.84,2019-10-31,LXRX,LEXICON PHARMACEUTICALS INC,8731.0,232.0
52887230,3.945,3.72,2019-11-01,LXRX,LEXICON PHARMACEUTICALS INC,8731.0,232.0
52887230,3.95,3.97,2019-11-04,LXRX,LEXICON PHARMACEUTICALS INC,8731.0,232.0
52887230,3.95,3.95,2019-11-05,LXRX,LEXICON PHARMACEUTICALS INC,8731.0,232.0
52887230,3.85,3.9,2019-11-06,LXRX,LEXICON PHARMACEUTICALS INC,8731.0,232.0
52887230,3.88,4.16,2019-11-07,LXRX,LEXICON PHARMACEUTICALS INC,8731.0,232.0
52887230,3.52,3.76,2019-11-08,LXRX,LEXICON PHARMACEUTICALS INC,8731.0,232.0
52887230,3.545,3.52,2019-11-11,LXRX,LEXICON PHARMACEUTICALS INC,8731.0,232.0
52887230,3.51,3.61,2019-11-12,LXRX,LEXICON PHARMACEUTICALS INC,8731.0,232.0
52887230,3.47,3.46,2019-11-13,LXRX,LEXICON PHARMACEUTICALS INC,8731.0,232.0
52887230,3.42,3.41,2019-11-14,LXRX,LEXICON PHARMACEUTICALS INC,8731.0,232.0
52887230,3.53,3.44,2019-11-15,LXRX,LEXICON PHARMACEUTICALS INC,8731.0,232.0
52887230,3.53,3.53,2019-11-18,LXRX,LEXICON PHARMACEUTICALS INC,8731.0,232.0
52887230,3.65,3.5,2019-11-19,LXRX,LEXICON PHARMACEUTICALS INC,8731.0,232.0
52887230,4.01,3.63,2019-11-20,LXRX,LEXICON PHARMACEUTICALS INC,8731.0,232.0
52887230,4.07,4.0,2019-11-21,LXRX,LEXICON PHARMACEUTICALS INC,8731.0,232.0
52887230,3.85,4.07,2019-11-22,LXRX,LEXICON PHARMACEUTICALS INC,8731.0,232.0
52887230,3.735,3.92,2019-11-25,LXRX,LEXICON PHARMACEUTICALS INC,8731.0,232.0
52887230,3.51,3.74,2019-11-26,LXRX,LEXICON PHARMACEUTICALS INC,8731.0,232.0
52887230,3.56,3.56,2019-11-27,LXRX,LEXICON PHARMACEUTICALS INC,8731.0,232.0
52887230,3.53,3.55,2019-11-29,LXRX,LEXICON PHARMACEUTICALS INC,8731.0,232.0
52887230,3.16,2.65,2019-12-02,LXRX,LEXICON PHARMACEUTICALS INC,8731.0,232.0
52887230,3.3,3.31,2019-12-03,LXRX,LEXICON PHARMACEUTICALS INC,8731.0,232.0
52887230,3.77,3.29,2019-12-04,LXRX,LEXICON PHARMACEUTICALS INC,8731.0,232.0
52887230,4.23,3.53,2019-12-05,LXRX,LEXICON PHARMACEUTICALS INC,8731.0,232.0
52887230,4.87,4.25,2019-12-06,LXRX,LEXICON PHARMACEUTICALS INC,8731.0,232.0
52887230,4.98,4.98,2019-12-09,LXRX,LEXICON PHARMACEUTICALS INC,8731.0,232.0
52887230,5.15,4.97,2019-12-10,LXRX,LEXICON PHARMACEUTICALS INC,8731.0,232.0
52887230,5.05,5.01,2019-12-11,LXRX,LEXICON PHARMACEUTICALS INC,8731.0,232.0
52887230,5.07,5.03,2019-12-12,LXRX,LEXICON PHARMACEUTICALS INC,8731.0,232.0
52887230,4.86,5.08,2019-12-13,LXRX,LEXICON PHARMACEUTICALS INC,8731.0,232.0
52887230,4.85,4.89,2019-12-16,LXRX,LEXICON PHARMACEUTICALS INC,8731.0,232.0
52887230,4.6,4.85,2019-12-17,LXRX,LEXICON PHARMACEUTICALS INC,8731.0,232.0
52887230,4.52,4.6,2019-12-18,LXRX,LEXICON PHARMACEUTICALS INC,8731.0,232.0
52887230,4.43,4.46,2019-12-19,LXRX,LEXICON PHARMACEUTICALS INC,8731.0,232.0
52887230,4.41,4.22,2019-12-20,LXRX,LEXICON PHARMACEUTICALS INC,8731.0,232.0
52887230,4.28,4.31,2019-12-23,LXRX,LEXICON PHARMACEUTICALS INC,8731.0,232.0
52887230,4.25,4.28,2019-12-24,LXRX,LEXICON PHARMACEUTICALS INC,8731.0,232.0
52887230,4.11,4.29,2019-12-26,LXRX,LEXICON PHARMACEUTICALS INC,8731.0,232.0
52887230,4.26,4.08,2019-12-27,LXRX,LEXICON PHARMACEUTICALS INC,8731.0,232.0
52887230,4.14,4.29,2019-12-30,LXRX,LEXICON PHARMACEUTICALS INC,8731.0,232.0
52887230,4.15,4.12,2019-12-31,LXRX,LEXICON PHARMACEUTICALS INC,8731.0,232.0
52887230,4.09,4.15,2020-01-02,LXRX,LEXICON PHARMACEUTICALS INC,8731.0,232.0
52887230,3.94,4.05,2020-01-03,LXRX,LEXICON PHARMACEUTICALS INC,8731.0,232.0
52887230,3.96,3.89,2020-01-06,LXRX,LEXICON PHARMACEUTICALS INC,8731.0,232.0
52887230,3.98,3.96,2020-01-07,LXRX,LEXICON PHARMACEUTICALS INC,8731.0,232.0
52887230,4.02,3.95,2020-01-08,LXRX,LEXICON PHARMACEUTICALS INC,8731.0,232.0
52887230,4.09,4.04,2020-01-09,LXRX,LEXICON PHARMACEUTICALS INC,8731.0,232.0
52887230,4.03,4.12,2020-01-10,LXRX,LEXICON PHARMACEUTICALS INC,8731.0,232.0
52887230,4.28,4.02,2020-01-13,LXRX,LEXICON PHARMACEUTICALS INC,8731.0,232.0
52887230,4.16,4.3,2020-01-14,LXRX,LEXICON PHARMACEUTICALS INC,8731.0,232.0
52887230,4.26,4.16,2020-01-15,LXRX,LEXICON PHARMACEUTICALS INC,8731.0,232.0
52887230,4.24,4.35,2020-01-16,LXRX,LEXICON PHARMACEUTICALS INC,8731.0,232.0
52887230,4.04,4.26,2020-01-17,LXRX,LEXICON PHARMACEUTICALS INC,8731.0,232.0
52887230,4.05,4.01,2020-01-21,LXRX,LEXICON PHARMACEUTICALS INC,8731.0,232.0
52887230,3.77,4.02,2020-01-22,LXRX,LEXICON PHARMACEUTICALS INC,8731.0,232.0
52887230,3.445,3.77,2020-01-23,LXRX,LEXICON PHARMACEUTICALS INC,8731.0,232.0
52887230,3.36,3.49,2020-01-24,LXRX,LEXICON PHARMACEUTICALS INC,8731.0,232.0
52887230,3.265,3.3,2020-01-27,LXRX,LEXICON PHARMACEUTICALS INC,8731.0,232.0
52887230,3.35,3.27,2020-01-28,LXRX,LEXICON PHARMACEUTICALS INC,8731.0,232.0
52887230,3.23,3.32,2020-01-29,LXRX,LEXICON PHARMACEUTICALS INC,8731.0,232.0
52887230,3.2,3.18,2020-01-30,LXRX,LEXICON PHARMACEUTICALS INC,8731.0,232.0
52887230,3.09,3.23,2020-01-31,LXRX,LEXICON PHARMACEUTICALS INC,8731.0,232.0
52887230,3.07,3.1,2020-02-03,LXRX,LEXICON PHARMACEUTICALS INC,8731.0,232.0
52887230,3.15,3.09,2020-02-04,LXRX,LEXICON PHARMACEUTICALS INC,8731.0,232.0
52887230,3.31,3.22,2020-02-05,LXRX,LEXICON PHARMACEUTICALS INC,8731.0,232.0
52887230,3.25,3.32,2020-02-06,LXRX,LEXICON PHARMACEUTICALS INC,8731.0,232.0
52887230,3.02,3.19,2020-02-07,LXRX,LEXICON PHARMACEUTICALS INC,8731.0,232.0
52887230,3.08,3.01,2020-02-10,LXRX,LEXICON PHARMACEUTICALS INC,8731.0,232.0
52887230,3.22,3.13,2020-02-11,LXRX,LEXICON PHARMACEUTICALS INC,8731.0,232.0
52887230,3.12,3.2,2020-02-12,LXRX,LEXICON PHARMACEUTICALS INC,8731.0,232.0
52887230,3.0,3.08,2020-02-13,LXRX,LEXICON PHARMACEUTICALS INC,8731.0,232.0
52887230,2.9,3.0,2020-02-14,LXRX,LEXICON PHARMACEUTICALS INC,8731.0,232.0
52887230,2.88,2.9,2020-02-18,LXRX,LEXICON PHARMACEUTICALS INC,8731.0,232.0
52887230,2.92,2.88,2020-02-19,LXRX,LEXICON PHARMACEUTICALS INC,8731.0,232.0
52887230,2.85,2.92,2020-02-20,LXRX,LEXICON PHARMACEUTICALS INC,8731.0,232.0
52887230,2.69,2.83,2020-02-21,LXRX,LEXICON PHARMACEUTICALS INC,8731.0,232.0
52887230,2.77,2.56,2020-02-24,LXRX,LEXICON PHARMACEUTICALS INC,8731.0,232.0
52887230,2.85,2.79,2020-02-25,LXRX,LEXICON PHARMACEUTICALS INC,8731.0,232.0
52887230,2.855,2.84,2020-02-26,LXRX,LEXICON PHARMACEUTICALS INC,8731.0,232.0
52887230,2.77,2.79,2020-02-27,LXRX,LEXICON PHARMACEUTICALS INC,8731.0,232.0
52887230,2.775,2.67,2020-02-28,LXRX,LEXICON PHARMACEUTICALS INC,8731.0,232.0
52887230,2.83,2.83,2020-03-02,LXRX,LEXICON PHARMACEUTICALS INC,8731.0,232.0
52887230,2.61,2.83,2020-03-03,LXRX,LEXICON PHARMACEUTICALS INC,8731.0,232.0
52887230,2.63,2.63,2020-03-04,LXRX,LEXICON PHARMACEUTICALS INC,8731.0,232.0
52887230,2.46,2.62,2020-03-05,LXRX,LEXICON PHARMACEUTICALS INC,8731.0,232.0
52887230,2.36,2.34,2020-03-06,LXRX,LEXICON PHARMACEUTICALS INC,8731.0,232.0
52887230,2.21,2.21,2020-03-09,LXRX,LEXICON PHARMACEUTICALS INC,8731.0,232.0
52887230,2.3,2.25,2020-03-10,LXRX,LEXICON PHARMACEUTICALS INC,8731.0,232.0
52887230,2.27,2.2,2020-03-11,LXRX,LEXICON PHARMACEUTICALS INC,8731.0,232.0
52887230,1.93,1.75,2020-03-12,LXRX,LEXICON PHARMACEUTICALS INC,8731.0,232.0
52887230,2.03,2.02,2020-03-13,LXRX,LEXICON PHARMACEUTICALS INC,8731.0,232.0
52887230,2.05,1.9,2020-03-16,LXRX,LEXICON PHARMACEUTICALS INC,8731.0,232.0
52887230,2.35,2.21,2020-03-17,LXRX,LEXICON PHARMACEUTICALS INC,8731.0,232.0
52887230,2.26,2.23,2020-03-18,LXRX,LEXICON PHARMACEUTICALS INC,8731.0,232.0
52887230,2.36,2.23,2020-03-19,LXRX,LEXICON PHARMACEUTICALS INC,8731.0,232.0
52887230,2.01,2.07,2020-03-20,LXRX,LEXICON PHARMACEUTICALS INC,8731.0,232.0
52887230,2.04,1.99,2020-03-23,LXRX,LEXICON PHARMACEUTICALS INC,8731.0,232.0
52887230,2.01,2.11,2020-03-24,LXRX,LEXICON PHARMACEUTICALS INC,8731.0,232.0
52887230,1.91,2.01,2020-03-25,LXRX,LEXICON PHARMACEUTICALS INC,8731.0,232.0
52887230,1.95,1.96,2020-03-26,LXRX,LEXICON PHARMACEUTICALS INC,8731.0,232.0
52887230,1.8,1.88,2020-03-27,LXRX,LEXICON PHARMACEUTICALS INC,8731.0,232.0
52887230,1.88,1.83,2020-03-30,LXRX,LEXICON PHARMACEUTICALS INC,8731.0,232.0
52887230,1.95,1.9,2020-03-31,LXRX,LEXICON PHARMACEUTICALS INC,8731.0,232.0
52887230,1.78,1.89,2020-04-01,LXRX,LEXICON PHARMACEUTICALS INC,8731.0,232.0
52887230,1.89,1.78,2020-04-02,LXRX,LEXICON PHARMACEUTICALS INC,8731.0,232.0
52887230,1.76,1.86,2020-04-03,LXRX,LEXICON PHARMACEUTICALS INC,8731.0,232.0
52887230,1.86,1.8,2020-04-06,LXRX,LEXICON PHARMACEUTICALS INC,8731.0,232.0
52887230,1.75,1.85,2020-04-07,LXRX,LEXICON PHARMACEUTICALS INC,8731.0,232.0
52887230,1.82,1.76,2020-04-08,LXRX,LEXICON PHARMACEUTICALS INC,8731.0,232.0
52887230,1.88,1.82,2020-04-09,LXRX,LEXICON PHARMACEUTICALS INC,8731.0,232.0
52887230,2.26,1.9,2020-04-13,LXRX,LEXICON PHARMACEUTICALS INC,8731.0,232.0
52887230,2.22,2.26,2020-04-14,LXRX,LEXICON PHARMACEUTICALS INC,8731.0,232.0
52887230,2.02,2.16,2020-04-15,LXRX,LEXICON PHARMACEUTICALS INC,8731.0,232.0
52887230,2.0,2.03,2020-04-16,LXRX,LEXICON PHARMACEUTICALS INC,8731.0,232.0
52887230,1.88,2.08,2020-04-17,LXRX,LEXICON PHARMACEUTICALS INC,8731.0,232.0
52887230,1.92,1.91,2020-04-20,LXRX,LEXICON PHARMACEUTICALS INC,8731.0,232.0
52887230,1.96,1.9,2020-04-21,LXRX,LEXICON PHARMACEUTICALS INC,8731.0,232.0
52887230,1.86,1.93,2020-04-22,LXRX,LEXICON PHARMACEUTICALS INC,8731.0,232.0
52887230,1.86,1.89,2020-04-23,LXRX,LEXICON PHARMACEUTICALS INC,8731.0,232.0
52887230,2.05,1.89,2020-04-24,LXRX,LEXICON PHARMACEUTICALS INC,8731.0,232.0
52887230,2.3,2.289,2020-04-27,LXRX,LEXICON PHARMACEUTICALS INC,8731.0,232.0
52887230,2.12,2.33,2020-04-28,LXRX,LEXICON PHARMACEUTICALS INC,8731.0,232.0
52887230,2.12,2.18,2020-04-29,LXRX,LEXICON PHARMACEUTICALS INC,8731.0,232.0
52887230,1.89,2.14,2020-04-30,LXRX,LEXICON PHARMACEUTICALS INC,8731.0,232.0
52887230,1.9,1.92,2020-05-01,LXRX,LEXICON PHARMACEUTICALS INC,8731.0,232.0
52887230,1.89,1.93,2020-05-04,LXRX,LEXICON PHARMACEUTICALS INC,8731.0,232.0
52887230,1.9,1.94,2020-05-05,LXRX,LEXICON PHARMACEUTICALS INC,8731.0,232.0
52887230,1.92,1.91,2020-05-06,LXRX,LEXICON PHARMACEUTICALS INC,8731.0,232.0
52887230,1.9,1.95,2020-05-07,LXRX,LEXICON PHARMACEUTICALS INC,8731.0,232.0
52887230,1.93,1.93,2020-05-08,LXRX,LEXICON PHARMACEUTICALS INC,8731.0,232.0
52887230,2.13,1.91,2020-05-11,LXRX,LEXICON PHARMACEUTICALS INC,8731.0,232.0
52887230,2.015,2.14,2020-05-12,LXRX,LEXICON PHARMACEUTICALS INC,8731.0,232.0
52887230,1.94,2.01,2020-05-13,LXRX,LEXICON PHARMACEUTICALS INC,8731.0,232.0
52887230,1.89,1.99,2020-05-14,LXRX,LEXICON PHARMACEUTICALS INC,8731.0,232.0
52887230,1.88,1.91,2020-05-15,LXRX,LEXICON PHARMACEUTICALS INC,8731.0,232.0
52887230,1.98,1.94,2020-05-18,LXRX,LEXICON PHARMACEUTICALS INC,8731.0,232.0
52887230,2.05,1.98,2020-05-19,LXRX,LEXICON PHARMACEUTICALS INC,8731.0,232.0
52887230,2.03,2.1,2020-05-20,LXRX,LEXICON PHARMACEUTICALS INC,8731.0,232.0
52887230,1.97,2.07,2020-05-21,LXRX,LEXICON PHARMACEUTICALS INC,8731.0,232.0
52887230,2.01,1.98,2020-05-22,LXRX,LEXICON PHARMACEUTICALS INC,8731.0,232.0
52887230,1.955,2.05,2020-05-26,LXRX,LEXICON PHARMACEUTICALS INC,8731.0,232.0
52887230,2.03,1.97,2020-05-27,LXRX,LEXICON PHARMACEUTICALS INC,8731.0,232.0
52887230,2.03,2.05,2020-05-28,LXRX,LEXICON PHARMACEUTICALS INC,8731.0,232.0
52887230,1.91,2.05,2020-05-29,LXRX,LEXICON PHARMACEUTICALS INC,8731.0,232.0
52887230,1.92,1.91,2020-06-01,LXRX,LEXICON PHARMACEUTICALS INC,8731.0,232.0
52887230,1.91,1.94,2020-06-02,LXRX,LEXICON PHARMACEUTICALS INC,8731.0,232.0
52887230,1.89,1.92,2020-06-03,LXRX,LEXICON PHARMACEUTICALS INC,8731.0,232.0
52887230,1.89,1.9,2020-06-04,LXRX,LEXICON PHARMACEUTICALS INC,8731.0,232.0
52887230,1.95,1.92,2020-06-05,LXRX,LEXICON PHARMACEUTICALS INC,8731.0,232.0
52887230,2.19,1.985,2020-06-08,LXRX,LEXICON PHARMACEUTICALS INC,8731.0,232.0
52887230,2.04,2.16,2020-06-09,LXRX,LEXICON PHARMACEUTICALS INC,8731.0,232.0
52887230,2.01,2.05,2020-06-10,LXRX,LEXICON PHARMACEUTICALS INC,8731.0,232.0
52887230,1.88,1.99,2020-06-11,LXRX,LEXICON PHARMACEUTICALS INC,8731.0,232.0
52887230,1.87,1.95,2020-06-12,LXRX,LEXICON PHARMACEUTICALS INC,8731.0,232.0
52887230,1.89,1.87,2020-06-15,LXRX,LEXICON PHARMACEUTICALS INC,8731.0,232.0
52887230,1.86,1.95,2020-06-16,LXRX,LEXICON PHARMACEUTICALS INC,8731.0,232.0
52887230,1.83,1.89,2020-06-17,LXRX,LEXICON PHARMACEUTICALS INC,8731.0,232.0
52887230,1.85,1.84,2020-06-18,LXRX,LEXICON PHARMACEUTICALS INC,8731.0,232.0
52887230,1.95,1.86,2020-06-19,LXRX,LEXICON PHARMACEUTICALS INC,8731.0,232.0
52887230,2.01,2.01,2020-06-22,LXRX,LEXICON PHARMACEUTICALS INC,8731.0,232.0
52887230,2.05,2.03,2020-06-23,LXRX,LEXICON PHARMACEUTICALS INC,8731.0,232.0
52887230,1.99,2.05,2020-06-24,LXRX,LEXICON PHARMACEUTICALS INC,8731.0,232.0
52887230,1.99,1.99,2020-06-25,LXRX,LEXICON PHARMACEUTICALS INC,8731.0,232.0
52887230,2.03,2.01,2020-06-26,LXRX,LEXICON PHARMACEUTICALS INC,8731.0,232.0
52887230,1.98,2.04,2020-06-29,LXRX,LEXICON PHARMACEUTICALS INC,8731.0,232.0
52887230,1.995,2.01,2020-06-30,LXRX,LEXICON PHARMACEUTICALS INC,8731.0,232.0
52887230,2.01,2.0,2020-07-01,LXRX,LEXICON PHARMACEUTICALS INC,8731.0,232.0
52887230,1.94,2.02,2020-07-02,LXRX,LEXICON PHARMACEUTICALS INC,8731.0,232.0
52887230,1.91,1.98,2020-07-06,LXRX,LEXICON PHARMACEUTICALS INC,8731.0,232.0
52887230,1.9,1.9,2020-07-07,LXRX,LEXICON PHARMACEUTICALS INC,8731.0,232.0
52887230,1.93,1.91,2020-07-08,LXRX,LEXICON PHARMACEUTICALS INC,8731.0,232.0
52887230,1.85,1.94,2020-07-09,LXRX,LEXICON PHARMACEUTICALS INC,8731.0,232.0
52887230,1.94,1.89,2020-07-10,LXRX,LEXICON PHARMACEUTICALS INC,8731.0,232.0
52887230,1.9,1.94,2020-07-13,LXRX,LEXICON PHARMACEUTICALS INC,8731.0,232.0
52887230,1.96,1.9,2020-07-14,LXRX,LEXICON PHARMACEUTICALS INC,8731.0,232.0
52887230,2.06,1.96,2020-07-15,LXRX,LEXICON PHARMACEUTICALS INC,8731.0,232.0
52887230,1.99,2.06,2020-07-16,LXRX,LEXICON PHARMACEUTICALS INC,8731.0,232.0
52887230,2.1,1.98,2020-07-17,LXRX,LEXICON PHARMACEUTICALS INC,8731.0,232.0
52887230,2.1,2.16,2020-07-20,LXRX,LEXICON PHARMACEUTICALS INC,8731.0,232.0
52887230,2.075,2.74,2020-07-21,LXRX,LEXICON PHARMACEUTICALS INC,8731.0,232.0
52887230,1.93,2.01,2020-07-22,LXRX,LEXICON PHARMACEUTICALS INC,8731.0,232.0
52887230,1.82,1.92,2020-07-23,LXRX,LEXICON PHARMACEUTICALS INC,8731.0,232.0
52887230,1.73,1.82,2020-07-24,LXRX,LEXICON PHARMACEUTICALS INC,8731.0,232.0
52887230,1.74,1.76,2020-07-27,LXRX,LEXICON PHARMACEUTICALS INC,8731.0,232.0
52887230,1.74,1.74,2020-07-28,LXRX,LEXICON PHARMACEUTICALS INC,8731.0,232.0
52887230,1.74,1.75,2020-07-29,LXRX,LEXICON PHARMACEUTICALS INC,8731.0,232.0
52887230,2.0,2.03,2020-07-30,LXRX,LEXICON PHARMACEUTICALS INC,8731.0,232.0
52887230,1.94,1.861,2020-07-31,LXRX,LEXICON PHARMACEUTICALS INC,8731.0,232.0
52887230,1.9,1.9,2020-08-03,LXRX,LEXICON PHARMACEUTICALS INC,8731.0,232.0
52887230,1.96,1.88,2020-08-04,LXRX,LEXICON PHARMACEUTICALS INC,8731.0,232.0
52887230,1.92,1.92,2020-08-05,LXRX,LEXICON PHARMACEUTICALS INC,8731.0,232.0
52887230,1.9,1.9,2020-08-06,LXRX,LEXICON PHARMACEUTICALS INC,8731.0,232.0
52887230,1.84,1.87,2020-08-07,LXRX,LEXICON PHARMACEUTICALS INC,8731.0,232.0
52887230,1.93,1.87,2020-08-10,LXRX,LEXICON PHARMACEUTICALS INC,8731.0,232.0
52887230,1.9,1.94,2020-08-11,LXRX,LEXICON PHARMACEUTICALS INC,8731.0,232.0
52887230,1.86,1.89,2020-08-12,LXRX,LEXICON PHARMACEUTICALS INC,8731.0,232.0
52887230,1.84,1.85,2020-08-13,LXRX,LEXICON PHARMACEUTICALS INC,8731.0,232.0
52887230,1.81,1.83,2020-08-14,LXRX,LEXICON PHARMACEUTICALS INC,8731.0,232.0
52887230,1.82,1.82,2020-08-17,LXRX,LEXICON PHARMACEUTICALS INC,8731.0,232.0
52887230,1.81,1.8,2020-08-18,LXRX,LEXICON PHARMACEUTICALS INC,8731.0,232.0
52887230,1.86,1.81,2020-08-19,LXRX,LEXICON PHARMACEUTICALS INC,8731.0,232.0
52887230,1.81,1.84,2020-08-20,LXRX,LEXICON PHARMACEUTICALS INC,8731.0,232.0
52887230,1.76,1.79,2020-08-21,LXRX,LEXICON PHARMACEUTICALS INC,8731.0,232.0
52887230,1.73,1.76,2020-08-24,LXRX,LEXICON PHARMACEUTICALS INC,8731.0,232.0
52887230,1.8,1.73,2020-08-25,LXRX,LEXICON PHARMACEUTICALS INC,8731.0,232.0
52887230,1.78,1.77,2020-08-26,LXRX,LEXICON PHARMACEUTICALS INC,8731.0,232.0
52887230,1.76,1.76,2020-08-27,LXRX,LEXICON PHARMACEUTICALS INC,8731.0,232.0
52887230,1.74,1.73,2020-08-28,LXRX,LEXICON PHARMACEUTICALS INC,8731.0,232.0
52887230,1.75,1.72,2020-08-31,LXRX,LEXICON PHARMACEUTICALS INC,8731.0,232.0
52887230,1.75,1.73,2020-09-01,LXRX,LEXICON PHARMACEUTICALS INC,8731.0,232.0
52887230,1.67,1.73,2020-09-02,LXRX,LEXICON PHARMACEUTICALS INC,8731.0,232.0
52887230,1.6,1.68,2020-09-03,LXRX,LEXICON PHARMACEUTICALS INC,8731.0,232.0
52887230,1.6,1.6,2020-09-04,LXRX,LEXICON PHARMACEUTICALS INC,8731.0,232.0
52887230,1.59,1.59,2020-09-08,LXRX,LEXICON PHARMACEUTICALS INC,8731.0,232.0
52887230,1.6,1.61,2020-09-09,LXRX,LEXICON PHARMACEUTICALS INC,8731.0,232.0
52887230,1.58,1.61,2020-09-10,LXRX,LEXICON PHARMACEUTICALS INC,8731.0,232.0
52887230,1.53,1.57,2020-09-11,LXRX,LEXICON PHARMACEUTICALS INC,8731.0,232.0
52887230,1.61,1.55,2020-09-14,LXRX,LEXICON PHARMACEUTICALS INC,8731.0,232.0
52887230,1.59,1.655,2020-09-15,LXRX,LEXICON PHARMACEUTICALS INC,8731.0,232.0
52887230,1.66,1.6,2020-09-16,LXRX,LEXICON PHARMACEUTICALS INC,8731.0,232.0
52887230,1.7,1.66,2020-09-17,LXRX,LEXICON PHARMACEUTICALS INC,8731.0,232.0
52887230,1.62,1.7,2020-09-18,LXRX,LEXICON PHARMACEUTICALS INC,8731.0,232.0
52887230,1.56,1.63,2020-09-21,LXRX,LEXICON PHARMACEUTICALS INC,8731.0,232.0
52887230,1.54,1.58,2020-09-22,LXRX,LEXICON PHARMACEUTICALS INC,8731.0,232.0
52887230,1.51,1.54,2020-09-23,LXRX,LEXICON PHARMACEUTICALS INC,8731.0,232.0
52887230,1.45,1.54,2020-09-24,LXRX,LEXICON PHARMACEUTICALS INC,8731.0,232.0
52887230,1.52,1.44,2020-09-25,LXRX,LEXICON PHARMACEUTICALS INC,8731.0,232.0
52887230,1.56,1.65,2020-09-28,LXRX,LEXICON PHARMACEUTICALS INC,8731.0,232.0
52887230,1.46,1.55,2020-09-29,LXRX,LEXICON PHARMACEUTICALS INC,8731.0,232.0
52887230,1.44,1.47,2020-09-30,LXRX,LEXICON PHARMACEUTICALS INC,8731.0,232.0
52887230,1.43,1.46,2020-10-01,LXRX,LEXICON PHARMACEUTICALS INC,8731.0,232.0
52887230,1.45,1.43,2020-10-02,LXRX,LEXICON PHARMACEUTICALS INC,8731.0,232.0
52887230,1.415,1.46,2020-10-05,LXRX,LEXICON PHARMACEUTICALS INC,8731.0,232.0
52887230,1.44,1.45,2020-10-06,LXRX,LEXICON PHARMACEUTICALS INC,8731.0,232.0
52887230,1.48,1.45,2020-10-07,LXRX,LEXICON PHARMACEUTICALS INC,8731.0,232.0
52887230,1.56,1.5,2020-10-08,LXRX,LEXICON PHARMACEUTICALS INC,8731.0,232.0
52887230,1.56,1.57,2020-10-09,LXRX,LEXICON PHARMACEUTICALS INC,8731.0,232.0
52887230,1.49,1.57,2020-10-12,LXRX,LEXICON PHARMACEUTICALS INC,8731.0,232.0
52887230,1.48,1.49,2020-10-13,LXRX,LEXICON PHARMACEUTICALS INC,8731.0,232.0
52887230,1.45,1.46,2020-10-14,LXRX,LEXICON PHARMACEUTICALS INC,8731.0,232.0
52887230,1.51,1.46,2020-10-15,LXRX,LEXICON PHARMACEUTICALS INC,8731.0,232.0
52887230,1.47,1.5,2020-10-16,LXRX,LEXICON PHARMACEUTICALS INC,8731.0,232.0
52887230,1.42,1.49,2020-10-19,LXRX,LEXICON PHARMACEUTICALS INC,8731.0,232.0
52887230,1.38,1.42,2020-10-20,LXRX,LEXICON PHARMACEUTICALS INC,8731.0,232.0
52887230,1.39,1.39,2020-10-21,LXRX,LEXICON PHARMACEUTICALS INC,8731.0,232.0
52887230,1.36,1.4,2020-10-22,LXRX,LEXICON PHARMACEUTICALS INC,8731.0,232.0
52887230,1.33,1.37,2020-10-23,LXRX,LEXICON PHARMACEUTICALS INC,8731.0,232.0
52887230,1.34,1.32,2020-10-26,LXRX,LEXICON PHARMACEUTICALS INC,8731.0,232.0
52887230,1.32,1.33,2020-10-27,LXRX,LEXICON PHARMACEUTICALS INC,8731.0,232.0
52887230,1.22,1.3,2020-10-28,LXRX,LEXICON PHARMACEUTICALS INC,8731.0,232.0
52887230,1.16,1.25,2020-10-29,LXRX,LEXICON PHARMACEUTICALS INC,8731.0,232.0
52887230,1.11,1.15,2020-10-30,LXRX,LEXICON PHARMACEUTICALS INC,8731.0,232.0
52887230,1.05,1.09,2020-11-02,LXRX,LEXICON PHARMACEUTICALS INC,8731.0,232.0
52887230,1.1,1.07,2020-11-03,LXRX,LEXICON PHARMACEUTICALS INC,8731.0,232.0
52887230,1.08,1.1,2020-11-04,LXRX,LEXICON PHARMACEUTICALS INC,8731.0,232.0
52887230,1.1,1.11,2020-11-05,LXRX,LEXICON PHARMACEUTICALS INC,8731.0,232.0
52887230,1.07,1.11,2020-11-06,LXRX,LEXICON PHARMACEUTICALS INC,8731.0,232.0
52887230,1.16,1.03,2020-11-09,LXRX,LEXICON PHARMACEUTICALS INC,8731.0,232.0
52887230,1.28,1.17,2020-11-10,LXRX,LEXICON PHARMACEUTICALS INC,8731.0,232.0
52887230,1.24,1.29,2020-11-11,LXRX,LEXICON PHARMACEUTICALS INC,8731.0,232.0
52887230,1.23,1.25,2020-11-12,LXRX,LEXICON PHARMACEUTICALS INC,8731.0,232.0
52887230,1.27,1.23,2020-11-13,LXRX,LEXICON PHARMACEUTICALS INC,8731.0,232.0
52887230,1.29,1.28,2020-11-16,LXRX,LEXICON PHARMACEUTICALS INC,8731.0,232.0
52887230,1.81,2.25,2020-11-17,LXRX,LEXICON PHARMACEUTICALS INC,8731.0,232.0
52887230,1.6,1.808,2020-11-18,LXRX,LEXICON PHARMACEUTICALS INC,8731.0,232.0
52887230,1.55,1.57,2020-11-19,LXRX,LEXICON PHARMACEUTICALS INC,8731.0,232.0
52887230,1.5,1.53,2020-11-20,LXRX,LEXICON PHARMACEUTICALS INC,8731.0,232.0
52887230,1.46,1.49,2020-11-23,LXRX,LEXICON PHARMACEUTICALS INC,8731.0,232.0
52887230,1.58,1.48,2020-11-24,LXRX,LEXICON PHARMACEUTICALS INC,8731.0,232.0
52887230,1.65,1.62,2020-11-25,LXRX,LEXICON PHARMACEUTICALS INC,8731.0,232.0
52887230,1.62,1.65,2020-11-27,LXRX,LEXICON PHARMACEUTICALS INC,8731.0,232.0
52887230,1.53,1.59,2020-11-30,LXRX,LEXICON PHARMACEUTICALS INC,8731.0,232.0
52887230,1.46,1.54,2020-12-01,LXRX,LEXICON PHARMACEUTICALS INC,8731.0,232.0
52887230,1.56,1.48,2020-12-02,LXRX,LEXICON PHARMACEUTICALS INC,8731.0,232.0
52887230,1.53,1.56,2020-12-03,LXRX,LEXICON PHARMACEUTICALS INC,8731.0,232.0
52887230,1.58,1.53,2020-12-04,LXRX,LEXICON PHARMACEUTICALS INC,8731.0,232.0
52887230,1.73,1.6,2020-12-07,LXRX,LEXICON PHARMACEUTICALS INC,8731.0,232.0
52887230,3.08,2.35,2020-12-08,LXRX,LEXICON PHARMACEUTICALS INC,8731.0,232.0
52887230,2.9,2.96,2020-12-09,LXRX,LEXICON PHARMACEUTICALS INC,8731.0,232.0
52887230,3.32,2.79,2020-12-10,LXRX,LEXICON PHARMACEUTICALS INC,8731.0,232.0
52887230,3.12,4.07,2020-12-11,LXRX,LEXICON PHARMACEUTICALS INC,8731.0,232.0
52887230,2.98,3.05,2020-12-14,LXRX,LEXICON PHARMACEUTICALS INC,8731.0,232.0
52887230,3.07,3.0,2020-12-15,LXRX,LEXICON PHARMACEUTICALS INC,8731.0,232.0
52887230,3.03,3.11,2020-12-16,LXRX,LEXICON PHARMACEUTICALS INC,8731.0,232.0
52887230,3.5,3.01,2020-12-17,LXRX,LEXICON PHARMACEUTICALS INC,8731.0,232.0
52887230,3.385,3.5,2020-12-18,LXRX,LEXICON PHARMACEUTICALS INC,8731.0,232.0
52887230,3.55,3.271,2020-12-21,LXRX,LEXICON PHARMACEUTICALS INC,8731.0,232.0
52887230,3.66,3.61,2020-12-22,LXRX,LEXICON PHARMACEUTICALS INC,8731.0,232.0
52887230,3.67,3.591,2020-12-23,LXRX,LEXICON PHARMACEUTICALS INC,8731.0,232.0
52887230,3.49,3.72,2020-12-24,LXRX,LEXICON PHARMACEUTICALS INC,8731.0,232.0
52887230,3.42,3.56,2020-12-28,LXRX,LEXICON PHARMACEUTICALS INC,8731.0,232.0
52887230,3.37,3.35,2020-12-29,LXRX,LEXICON PHARMACEUTICALS INC,8731.0,232.0
52887230,3.31,3.35,2020-12-30,LXRX,LEXICON PHARMACEUTICALS INC,8731.0,232.0
52887230,3.42,3.3,2020-12-31,LXRX,LEXICON PHARMACEUTICALS INC,8731.0,232.0
52887230,3.52,3.47,2021-01-04,LXRX,LEXICON PHARMACEUTICALS INC,8731.0,232.0
52887230,3.45,3.5,2021-01-05,LXRX,LEXICON PHARMACEUTICALS INC,8731.0,232.0
52887230,3.51,3.44,2021-01-06,LXRX,LEXICON PHARMACEUTICALS INC,8731.0,232.0
52887230,3.67,3.55,2021-01-07,LXRX,LEXICON PHARMACEUTICALS INC,8731.0,232.0
52887230,3.84,3.652,2021-01-08,LXRX,LEXICON PHARMACEUTICALS INC,8731.0,232.0
52887230,3.9,3.93,2021-01-11,LXRX,LEXICON PHARMACEUTICALS INC,8731.0,232.0
52887230,3.88,3.985,2021-01-12,LXRX,LEXICON PHARMACEUTICALS INC,8731.0,232.0
52887230,3.92,3.9,2021-01-13,LXRX,LEXICON PHARMACEUTICALS INC,8731.0,232.0
52887230,8.05,4.22,2021-01-14,LXRX,LEXICON PHARMACEUTICALS INC,8731.0,232.0
52887230,6.87,7.48,2021-01-15,LXRX,LEXICON PHARMACEUTICALS INC,8731.0,232.0
52887230,7.935,7.23,2021-01-19,LXRX,LEXICON PHARMACEUTICALS INC,8731.0,232.0
52887230,7.61,7.68,2021-01-20,LXRX,LEXICON PHARMACEUTICALS INC,8731.0,232.0
52887230,8.48,7.62,2021-01-21,LXRX,LEXICON PHARMACEUTICALS INC,8731.0,232.0
52887230,8.51,8.105,2021-01-22,LXRX,LEXICON PHARMACEUTICALS INC,8731.0,232.0
52887230,8.47,8.47,2021-01-25,LXRX,LEXICON PHARMACEUTICALS INC,8731.0,232.0
52887230,8.24,8.36,2021-01-26,LXRX,LEXICON PHARMACEUTICALS INC,8731.0,232.0
52887230,7.87,7.9,2021-01-27,LXRX,LEXICON PHARMACEUTICALS INC,8731.0,232.0
52887230,8.06,8.01,2021-01-28,LXRX,LEXICON PHARMACEUTICALS INC,8731.0,232.0
52887230,7.91,8.02,2021-01-29,LXRX,LEXICON PHARMACEUTICALS INC,8731.0,232.0
52887230,8.27,8.1,2021-02-01,LXRX,LEXICON PHARMACEUTICALS INC,8731.0,232.0
52887230,9.09,8.4,2021-02-02,LXRX,LEXICON PHARMACEUTICALS INC,8731.0,232.0
52887230,8.62,9.11,2021-02-03,LXRX,LEXICON PHARMACEUTICALS INC,8731.0,232.0
52887230,8.49,8.73,2021-02-04,LXRX,LEXICON PHARMACEUTICALS INC,8731.0,232.0
52887230,8.495,8.52,2021-02-05,LXRX,LEXICON PHARMACEUTICALS INC,8731.0,232.0
52887230,8.685,8.75,2021-02-08,LXRX,LEXICON PHARMACEUTICALS INC,8731.0,232.0
52887230,8.61,8.75,2021-02-09,LXRX,LEXICON PHARMACEUTICALS INC,8731.0,232.0
52887230,8.38,8.67,2021-02-10,LXRX,LEXICON PHARMACEUTICALS INC,8731.0,232.0
52887230,8.01,8.421,2021-02-11,LXRX,LEXICON PHARMACEUTICALS INC,8731.0,232.0
52887230,8.1,8.0,2021-02-12,LXRX,LEXICON PHARMACEUTICALS INC,8731.0,232.0
52887230,7.865,8.06,2021-02-16,LXRX,LEXICON PHARMACEUTICALS INC,8731.0,232.0
52887230,7.78,7.85,2021-02-17,LXRX,LEXICON PHARMACEUTICALS INC,8731.0,232.0
52887230,7.6,7.63,2021-02-18,LXRX,LEXICON PHARMACEUTICALS INC,8731.0,232.0
52887230,7.72,7.62,2021-02-19,LXRX,LEXICON PHARMACEUTICALS INC,8731.0,232.0
52887230,7.5,7.76,2021-02-22,LXRX,LEXICON PHARMACEUTICALS INC,8731.0,232.0
52887230,7.44,7.2,2021-02-23,LXRX,LEXICON PHARMACEUTICALS INC,8731.0,232.0
52887230,7.745,7.59,2021-02-24,LXRX,LEXICON PHARMACEUTICALS INC,8731.0,232.0
52887230,7.48,7.6,2021-02-25,LXRX,LEXICON PHARMACEUTICALS INC,8731.0,232.0
52887230,7.19,7.32,2021-02-26,LXRX,LEXICON PHARMACEUTICALS INC,8731.0,232.0
52887230,7.6,7.31,2021-03-01,LXRX,LEXICON PHARMACEUTICALS INC,8731.0,232.0
52887230,7.43,7.65,2021-03-02,LXRX,LEXICON PHARMACEUTICALS INC,8731.0,232.0
52887230,7.18,7.48,2021-03-03,LXRX,LEXICON PHARMACEUTICALS INC,8731.0,232.0
52887230,6.66,7.05,2021-03-04,LXRX,LEXICON PHARMACEUTICALS INC,8731.0,232.0
52887230,6.78,6.72,2021-03-05,LXRX,LEXICON PHARMACEUTICALS INC,8731.0,232.0
52887230,6.735,6.8,2021-03-08,LXRX,LEXICON PHARMACEUTICALS INC,8731.0,232.0
52887230,7.05,6.91,2021-03-09,LXRX,LEXICON PHARMACEUTICALS INC,8731.0,232.0
52887230,7.3,7.16,2021-03-10,LXRX,LEXICON PHARMACEUTICALS INC,8731.0,232.0
52887230,6.95,7.11,2021-03-11,LXRX,LEXICON PHARMACEUTICALS INC,8731.0,232.0
52887230,6.87,6.69,2021-03-12,LXRX,LEXICON PHARMACEUTICALS INC,8731.0,232.0
52887230,6.87,6.89,2021-03-15,LXRX,LEXICON PHARMACEUTICALS INC,8731.0,232.0
52887230,6.66,6.81,2021-03-16,LXRX,LEXICON PHARMACEUTICALS INC,8731.0,232.0
52887230,6.59,6.44,2021-03-17,LXRX,LEXICON PHARMACEUTICALS INC,8731.0,232.0
52887230,6.355,6.51,2021-03-18,LXRX,LEXICON PHARMACEUTICALS INC,8731.0,232.0
52887230,6.69,6.49,2021-03-19,LXRX,LEXICON PHARMACEUTICALS INC,8731.0,232.0
52887230,6.57,6.64,2021-03-22,LXRX,LEXICON PHARMACEUTICALS INC,8731.0,232.0
52887230,6.19,6.51,2021-03-23,LXRX,LEXICON PHARMACEUTICALS INC,8731.0,232.0
52887230,5.83,6.28,2021-03-24,LXRX,LEXICON PHARMACEUTICALS INC,8731.0,232.0
52887230,6.05,5.675,2021-03-25,LXRX,LEXICON PHARMACEUTICALS INC,8731.0,232.0
52887230,5.88,6.1,2021-03-26,LXRX,LEXICON PHARMACEUTICALS INC,8731.0,232.0
52887230,5.81,5.82,2021-03-29,LXRX,LEXICON PHARMACEUTICALS INC,8731.0,232.0
52887230,5.67,5.79,2021-03-30,LXRX,LEXICON PHARMACEUTICALS INC,8731.0,232.0
52887230,5.87,5.64,2021-03-31,LXRX,LEXICON PHARMACEUTICALS INC,8731.0,232.0
52887230,5.87,5.94,2021-04-01,LXRX,LEXICON PHARMACEUTICALS INC,8731.0,232.0
52887230,5.77,5.97,2021-04-05,LXRX,LEXICON PHARMACEUTICALS INC,8731.0,232.0
52887230,5.65,5.75,2021-04-06,LXRX,LEXICON PHARMACEUTICALS INC,8731.0,232.0
52887230,5.5,5.61,2021-04-07,LXRX,LEXICON PHARMACEUTICALS INC,8731.0,232.0
52887230,5.43,5.51,2021-04-08,LXRX,LEXICON PHARMACEUTICALS INC,8731.0,232.0
52887230,5.37,5.43,2021-04-09,LXRX,LEXICON PHARMACEUTICALS INC,8731.0,232.0
52887230,5.07,5.35,2021-04-12,LXRX,LEXICON PHARMACEUTICALS INC,8731.0,232.0
52887230,5.2,5.11,2021-04-13,LXRX,LEXICON PHARMACEUTICALS INC,8731.0,232.0
52887230,5.19,5.17,2021-04-14,LXRX,LEXICON PHARMACEUTICALS INC,8731.0,232.0
52887230,5.21,5.22,2021-04-15,LXRX,LEXICON PHARMACEUTICALS INC,8731.0,232.0
52887230,5.05,5.22,2021-04-16,LXRX,LEXICON PHARMACEUTICALS INC,8731.0,232.0
52887230,4.84,5.06,2021-04-19,LXRX,LEXICON PHARMACEUTICALS INC,8731.0,232.0
52887230,4.88,4.78,2021-04-20,LXRX,LEXICON PHARMACEUTICALS INC,8731.0,232.0
52887230,5.09,4.84,2021-04-21,LXRX,LEXICON PHARMACEUTICALS INC,8731.0,232.0
52887230,5.14,5.08,2021-04-22,LXRX,LEXICON PHARMACEUTICALS INC,8731.0,232.0
52887230,4.97,5.15,2021-04-23,LXRX,LEXICON PHARMACEUTICALS INC,8731.0,232.0
52887230,5.32,4.97,2021-04-26,LXRX,LEXICON PHARMACEUTICALS INC,8731.0,232.0
52887230,5.26,5.56,2021-04-27,LXRX,LEXICON PHARMACEUTICALS INC,8731.0,232.0
52887230,5.08,5.2,2021-04-28,LXRX,LEXICON PHARMACEUTICALS INC,8731.0,232.0
52887230,5.04,5.11,2021-04-29,LXRX,LEXICON PHARMACEUTICALS INC,8731.0,232.0
52887230,4.86,4.94,2021-04-30,LXRX,LEXICON PHARMACEUTICALS INC,8731.0,232.0
52887230,4.84,4.91,2021-05-03,LXRX,LEXICON PHARMACEUTICALS INC,8731.0,232.0
52887230,4.63,4.8,2021-05-04,LXRX,LEXICON PHARMACEUTICALS INC,8731.0,232.0
52887230,4.6,4.65,2021-05-05,LXRX,LEXICON PHARMACEUTICALS INC,8731.0,232.0
52887230,4.46,4.55,2021-05-06,LXRX,LEXICON PHARMACEUTICALS INC,8731.0,232.0
52887230,4.58,4.42,2021-05-07,LXRX,LEXICON PHARMACEUTICALS INC,8731.0,232.0
52887230,4.39,4.63,2021-05-10,LXRX,LEXICON PHARMACEUTICALS INC,8731.0,232.0
52887230,4.43,4.3,2021-05-11,LXRX,LEXICON PHARMACEUTICALS INC,8731.0,232.0
52887230,4.38,4.34,2021-05-12,LXRX,LEXICON PHARMACEUTICALS INC,8731.0,232.0
52887230,4.2,4.4,2021-05-13,LXRX,LEXICON PHARMACEUTICALS INC,8731.0,232.0
52887230,4.33,4.22,2021-05-14,LXRX,LEXICON PHARMACEUTICALS INC,8731.0,232.0
52887230,4.23,4.3,2021-05-17,LXRX,LEXICON PHARMACEUTICALS INC,8731.0,232.0
52887230,4.29,4.2,2021-05-18,LXRX,LEXICON PHARMACEUTICALS INC,8731.0,232.0
52887230,4.28,4.23,2021-05-19,LXRX,LEXICON PHARMACEUTICALS INC,8731.0,232.0
52887230,4.35,4.29,2021-05-20,LXRX,LEXICON PHARMACEUTICALS INC,8731.0,232.0
52887230,4.36,4.38,2021-05-21,LXRX,LEXICON PHARMACEUTICALS INC,8731.0,232.0
52887230,4.17,4.36,2021-05-24,LXRX,LEXICON PHARMACEUTICALS INC,8731.0,232.0
52887230,4.12,4.16,2021-05-25,LXRX,LEXICON PHARMACEUTICALS INC,8731.0,232.0
52887230,4.31,4.14,2021-05-26,LXRX,LEXICON PHARMACEUTICALS INC,8731.0,232.0
52887230,4.54,4.34,2021-05-27,LXRX,LEXICON PHARMACEUTICALS INC,8731.0,232.0
52887230,4.39,4.55,2021-05-28,LXRX,LEXICON PHARMACEUTICALS INC,8731.0,232.0
52887230,4.47,4.44,2021-06-01,LXRX,LEXICON PHARMACEUTICALS INC,8731.0,232.0
52887230,4.59,4.46,2021-06-02,LXRX,LEXICON PHARMACEUTICALS INC,8731.0,232.0
52887230,4.44,4.54,2021-06-03,LXRX,LEXICON PHARMACEUTICALS INC,8731.0,232.0
52887230,4.44,4.46,2021-06-04,LXRX,LEXICON PHARMACEUTICALS INC,8731.0,232.0
52887230,4.81,4.44,2021-06-07,LXRX,LEXICON PHARMACEUTICALS INC,8731.0,232.0
52887230,4.83,4.89,2021-06-08,LXRX,LEXICON PHARMACEUTICALS INC,8731.0,232.0
52887230,4.94,4.85,2021-06-09,LXRX,LEXICON PHARMACEUTICALS INC,8731.0,232.0
52887230,4.84,5.048,2021-06-10,LXRX,LEXICON PHARMACEUTICALS INC,8731.0,232.0
52887230,4.87,4.82,2021-06-11,LXRX,LEXICON PHARMACEUTICALS INC,8731.0,232.0
52887230,4.79,4.89,2021-06-14,LXRX,LEXICON PHARMACEUTICALS INC,8731.0,232.0
52887230,4.74,4.88,2021-06-15,LXRX,LEXICON PHARMACEUTICALS INC,8731.0,232.0
52887230,4.79,4.78,2021-06-16,LXRX,LEXICON PHARMACEUTICALS INC,8731.0,232.0
52887230,4.74,4.8,2021-06-17,LXRX,LEXICON PHARMACEUTICALS INC,8731.0,232.0
52887230,4.64,4.66,2021-06-18,LXRX,LEXICON PHARMACEUTICALS INC,8731.0,232.0
52887230,4.72,4.68,2021-06-21,LXRX,LEXICON PHARMACEUTICALS INC,8731.0,232.0
52887230,4.68,4.71,2021-06-22,LXRX,LEXICON PHARMACEUTICALS INC,8731.0,232.0
52887230,4.76,4.65,2021-06-23,LXRX,LEXICON PHARMACEUTICALS INC,8731.0,232.0
52887230,4.82,4.78,2021-06-24,LXRX,LEXICON PHARMACEUTICALS INC,8731.0,232.0
52887230,5.72,4.84,2021-06-25,LXRX,LEXICON PHARMACEUTICALS INC,8731.0,232.0
52887230,5.52,5.66,2021-06-28,LXRX,LEXICON PHARMACEUTICALS INC,8731.0,232.0
52887230,5.0,5.52,2021-06-29,LXRX,LEXICON PHARMACEUTICALS INC,8731.0,232.0
52887230,4.59,4.94,2021-06-30,LXRX,LEXICON PHARMACEUTICALS INC,8731.0,232.0
52887230,4.36,4.57,2021-07-01,LXRX,LEXICON PHARMACEUTICALS INC,8731.0,232.0
52887230,4.12,4.31,2021-07-02,LXRX,LEXICON PHARMACEUTICALS INC,8731.0,232.0
52887230,4.01,4.09,2021-07-06,LXRX,LEXICON PHARMACEUTICALS INC,8731.0,232.0
52887230,3.89,4.0,2021-07-07,LXRX,LEXICON PHARMACEUTICALS INC,8731.0,232.0
52887230,3.98,3.77,2021-07-08,LXRX,LEXICON PHARMACEUTICALS INC,8731.0,232.0
52887230,4.08,3.98,2021-07-09,LXRX,LEXICON PHARMACEUTICALS INC,8731.0,232.0
52887230,3.94,4.11,2021-07-12,LXRX,LEXICON PHARMACEUTICALS INC,8731.0,232.0
52887230,3.88,3.88,2021-07-13,LXRX,LEXICON PHARMACEUTICALS INC,8731.0,232.0
52887230,3.7,3.88,2021-07-14,LXRX,LEXICON PHARMACEUTICALS INC,8731.0,232.0
52887230,3.69,3.67,2021-07-15,LXRX,LEXICON PHARMACEUTICALS INC,8731.0,232.0
52887230,3.71,3.68,2021-07-16,LXRX,LEXICON PHARMACEUTICALS INC,8731.0,232.0
52887230,3.69,3.66,2021-07-19,LXRX,LEXICON PHARMACEUTICALS INC,8731.0,232.0
52887230,3.52,3.67,2021-07-20,LXRX,LEXICON PHARMACEUTICALS INC,8731.0,232.0
52887230,3.73,3.58,2021-07-21,LXRX,LEXICON PHARMACEUTICALS INC,8731.0,232.0
52887230,3.55,3.71,2021-07-22,LXRX,LEXICON PHARMACEUTICALS INC,8731.0,232.0
52887230,3.4,3.54,2021-07-23,LXRX,LEXICON PHARMACEUTICALS INC,8731.0,232.0
52887230,3.39,3.4,2021-07-26,LXRX,LEXICON PHARMACEUTICALS INC,8731.0,232.0
52887230,3.38,3.36,2021-07-27,LXRX,LEXICON PHARMACEUTICALS INC,8731.0,232.0
52887230,3.55,3.36,2021-07-28,LXRX,LEXICON PHARMACEUTICALS INC,8731.0,232.0
52887230,3.58,3.6,2021-07-29,LXRX,LEXICON PHARMACEUTICALS INC,8731.0,232.0
52887230,3.54,3.65,2021-07-30,LXRX,LEXICON PHARMACEUTICALS INC,8731.0,232.0
52887230,3.65,3.54,2021-08-02,LXRX,LEXICON PHARMACEUTICALS INC,8731.0,232.0
52887230,3.61,3.63,2021-08-03,LXRX,LEXICON PHARMACEUTICALS INC,8731.0,232.0
52887230,3.41,3.56,2021-08-04,LXRX,LEXICON PHARMACEUTICALS INC,8731.0,232.0
52887230,3.59,3.47,2021-08-05,LXRX,LEXICON PHARMACEUTICALS INC,8731.0,232.0
52887230,3.56,3.6,2021-08-06,LXRX,LEXICON PHARMACEUTICALS INC,8731.0,232.0
52887230,3.73,3.52,2021-08-09,LXRX,LEXICON PHARMACEUTICALS INC,8731.0,232.0
52887230,3.56,3.69,2021-08-10,LXRX,LEXICON PHARMACEUTICALS INC,8731.0,232.0
52887230,3.68,3.58,2021-08-11,LXRX,LEXICON PHARMACEUTICALS INC,8731.0,232.0
52887230,3.8,3.67,2021-08-12,LXRX,LEXICON PHARMACEUTICALS INC,8731.0,232.0
52887230,3.63,3.79,2021-08-13,LXRX,LEXICON PHARMACEUTICALS INC,8731.0,232.0
52887230,3.61,3.6,2021-08-16,LXRX,LEXICON PHARMACEUTICALS INC,8731.0,232.0
52887230,3.48,3.55,2021-08-17,LXRX,LEXICON PHARMACEUTICALS INC,8731.0,232.0
52887230,3.4,3.389,2021-08-18,LXRX,LEXICON PHARMACEUTICALS INC,8731.0,232.0
52887230,3.42,3.36,2021-08-19,LXRX,LEXICON PHARMACEUTICALS INC,8731.0,232.0
52887230,3.47,3.4,2021-08-20,LXRX,LEXICON PHARMACEUTICALS INC,8731.0,232.0
52887230,3.88,3.58,2021-08-23,LXRX,LEXICON PHARMACEUTICALS INC,8731.0,232.0
52887230,3.96,3.845,2021-08-24,LXRX,LEXICON PHARMACEUTICALS INC,8731.0,232.0
52887230,3.95,4.0,2021-08-25,LXRX,LEXICON PHARMACEUTICALS INC,8731.0,232.0
52887230,3.95,3.96,2021-08-26,LXRX,LEXICON PHARMACEUTICALS INC,8731.0,232.0
52887230,4.61,3.97,2021-08-27,LXRX,LEXICON PHARMACEUTICALS INC,8731.0,232.0
52887230,4.52,5.01,2021-08-30,LXRX,LEXICON PHARMACEUTICALS INC,8731.0,232.0
52887230,4.72,4.49,2021-08-31,LXRX,LEXICON PHARMACEUTICALS INC,8731.0,232.0
52887230,4.72,4.76,2021-09-01,LXRX,LEXICON PHARMACEUTICALS INC,8731.0,232.0
52887230,4.9,4.7,2021-09-02,LXRX,LEXICON PHARMACEUTICALS INC,8731.0,232.0
52887230,4.97,4.93,2021-09-03,LXRX,LEXICON PHARMACEUTICALS INC,8731.0,232.0
52887230,4.77,4.99,2021-09-07,LXRX,LEXICON PHARMACEUTICALS INC,8731.0,232.0
52887230,4.63,4.71,2021-09-08,LXRX,LEXICON PHARMACEUTICALS INC,8731.0,232.0
52887230,4.83,4.65,2021-09-09,LXRX,LEXICON PHARMACEUTICALS INC,8731.0,232.0
52887230,4.66,4.88,2021-09-10,LXRX,LEXICON PHARMACEUTICALS INC,8731.0,232.0
52887230,4.61,4.71,2021-09-13,LXRX,LEXICON PHARMACEUTICALS INC,8731.0,232.0
52887230,4.46,4.66,2021-09-14,LXRX,LEXICON PHARMACEUTICALS INC,8731.0,232.0
52887230,4.54,4.47,2021-09-15,LXRX,LEXICON PHARMACEUTICALS INC,8731.0,232.0
52887230,4.58,4.5,2021-09-16,LXRX,LEXICON PHARMACEUTICALS INC,8731.0,232.0
52887230,4.86,4.58,2021-09-17,LXRX,LEXICON PHARMACEUTICALS INC,8731.0,232.0
52887230,4.68,4.69,2021-09-20,LXRX,LEXICON PHARMACEUTICALS INC,8731.0,232.0
52887230,4.69,4.73,2021-09-21,LXRX,LEXICON PHARMACEUTICALS INC,8731.0,232.0
52887230,4.72,4.73,2021-09-22,LXRX,LEXICON PHARMACEUTICALS INC,8731.0,232.0
52887230,5.03,4.78,2021-09-23,LXRX,LEXICON PHARMACEUTICALS INC,8731.0,232.0
52887230,4.94,5.0,2021-09-24,LXRX,LEXICON PHARMACEUTICALS INC,8731.0,232.0
52887230,5.35,5.01,2021-09-27,LXRX,LEXICON PHARMACEUTICALS INC,8731.0,232.0
52887230,5.12,5.32,2021-09-28,LXRX,LEXICON PHARMACEUTICALS INC,8731.0,232.0
52887230,4.91,5.12,2021-09-29,LXRX,LEXICON PHARMACEUTICALS INC,8731.0,232.0
52887230,4.81,4.91,2021-09-30,LXRX,LEXICON PHARMACEUTICALS INC,8731.0,232.0
52887230,4.82,4.84,2021-10-01,LXRX,LEXICON PHARMACEUTICALS INC,8731.0,232.0
52887230,4.77,4.8,2021-10-04,LXRX,LEXICON PHARMACEUTICALS INC,8731.0,232.0
52887230,4.85,4.77,2021-10-05,LXRX,LEXICON PHARMACEUTICALS INC,8731.0,232.0
52887230,5.41,5.158,2021-10-06,LXRX,LEXICON PHARMACEUTICALS INC,8731.0,232.0
52887230,5.55,5.44,2021-10-07,LXRX,LEXICON PHARMACEUTICALS INC,8731.0,232.0
52887230,5.57,5.56,2021-10-08,LXRX,LEXICON PHARMACEUTICALS INC,8731.0,232.0
52887230,5.75,5.6,2021-10-11,LXRX,LEXICON PHARMACEUTICALS INC,8731.0,232.0
52887230,6.12,5.8,2021-10-12,LXRX,LEXICON PHARMACEUTICALS INC,8731.0,232.0
52887230,6.02,6.12,2021-10-13,LXRX,LEXICON PHARMACEUTICALS INC,8731.0,232.0
52887230,6.16,6.04,2021-10-14,LXRX,LEXICON PHARMACEUTICALS INC,8731.0,232.0
52887230,6.16,6.26,2021-10-15,LXRX,LEXICON PHARMACEUTICALS INC,8731.0,232.0
52887230,5.44,6.18,2021-10-18,LXRX,LEXICON PHARMACEUTICALS INC,8731.0,232.0
52887230,5.03,5.46,2021-10-19,LXRX,LEXICON PHARMACEUTICALS INC,8731.0,232.0
52887230,5.1,5.02,2021-10-20,LXRX,LEXICON PHARMACEUTICALS INC,8731.0,232.0
52887230,5.16,5.06,2021-10-21,LXRX,LEXICON PHARMACEUTICALS INC,8731.0,232.0
52887230,5.1,5.13,2021-10-22,LXRX,LEXICON PHARMACEUTICALS INC,8731.0,232.0
52887230,5.21,5.07,2021-10-25,LXRX,LEXICON PHARMACEUTICALS INC,8731.0,232.0
52887230,5.22,5.25,2021-10-26,LXRX,LEXICON PHARMACEUTICALS INC,8731.0,232.0
52887230,5.13,5.19,2021-10-27,LXRX,LEXICON PHARMACEUTICALS INC,8731.0,232.0
52887230,5.28,5.16,2021-10-28,LXRX,LEXICON PHARMACEUTICALS INC,8731.0,232.0
52887230,5.29,5.3,2021-10-29,LXRX,LEXICON PHARMACEUTICALS INC,8731.0,232.0
52887230,5.68,5.32,2021-11-01,LXRX,LEXICON PHARMACEUTICALS INC,8731.0,232.0
52887230,5.6,5.64,2021-11-02,LXRX,LEXICON PHARMACEUTICALS INC,8731.0,232.0
52887230,5.77,5.61,2021-11-03,LXRX,LEXICON PHARMACEUTICALS INC,8731.0,232.0
52887230,4.97,5.5,2021-11-04,LXRX,LEXICON PHARMACEUTICALS INC,8731.0,232.0
52887230,4.84,5.01,2021-11-05,LXRX,LEXICON PHARMACEUTICALS INC,8731.0,232.0
52887230,5.05,4.88,2021-11-08,LXRX,LEXICON PHARMACEUTICALS INC,8731.0,232.0
52887230,5.07,5.05,2021-11-09,LXRX,LEXICON PHARMACEUTICALS INC,8731.0,232.0
52887230,4.86,5.08,2021-11-10,LXRX,LEXICON PHARMACEUTICALS INC,8731.0,232.0
52887230,5.12,4.9,2021-11-11,LXRX,LEXICON PHARMACEUTICALS INC,8731.0,232.0
52887230,5.1,5.17,2021-11-12,LXRX,LEXICON PHARMACEUTICALS INC,8731.0,232.0
52887230,5.15,5.24,2021-11-15,LXRX,LEXICON PHARMACEUTICALS INC,8731.0,232.0
52887230,5.09,5.11,2021-11-16,LXRX,LEXICON PHARMACEUTICALS INC,8731.0,232.0
52887230,5.01,5.09,2021-11-17,LXRX,LEXICON PHARMACEUTICALS INC,8731.0,232.0
52887230,4.94,5.0,2021-11-18,LXRX,LEXICON PHARMACEUTICALS INC,8731.0,232.0
52887230,4.96,4.925,2021-11-19,LXRX,LEXICON PHARMACEUTICALS INC,8731.0,232.0
52887230,4.92,5.03,2021-11-22,LXRX,LEXICON PHARMACEUTICALS INC,8731.0,232.0
52887230,5.02,4.97,2021-11-23,LXRX,LEXICON PHARMACEUTICALS INC,8731.0,232.0
52887230,5.14,4.95,2021-11-24,LXRX,LEXICON PHARMACEUTICALS INC,8731.0,232.0
52887230,4.74,5.0,2021-11-26,LXRX,LEXICON PHARMACEUTICALS INC,8731.0,232.0
52887230,4.66,4.83,2021-11-29,LXRX,LEXICON PHARMACEUTICALS INC,8731.0,232.0
52887230,4.58,4.59,2021-11-30,LXRX,LEXICON PHARMACEUTICALS INC,8731.0,232.0
52887230,4.58,4.6,2021-12-01,LXRX,LEXICON PHARMACEUTICALS INC,8731.0,232.0
52887230,4.58,4.57,2021-12-02,LXRX,LEXICON PHARMACEUTICALS INC,8731.0,232.0
52887230,4.17,4.63,2021-12-03,LXRX,LEXICON PHARMACEUTICALS INC,8731.0,232.0
52887230,4.13,4.16,2021-12-06,LXRX,LEXICON PHARMACEUTICALS INC,8731.0,232.0
52887230,4.33,4.235,2021-12-07,LXRX,LEXICON PHARMACEUTICALS INC,8731.0,232.0
52887230,4.33,4.3,2021-12-08,LXRX,LEXICON PHARMACEUTICALS INC,8731.0,232.0
52887230,4.32,4.26,2021-12-09,LXRX,LEXICON PHARMACEUTICALS INC,8731.0,232.0
52887230,4.11,4.35,2021-12-10,LXRX,LEXICON PHARMACEUTICALS INC,8731.0,232.0
52887230,4.09,4.06,2021-12-13,LXRX,LEXICON PHARMACEUTICALS INC,8731.0,232.0
52887230,3.95,4.01,2021-12-14,LXRX,LEXICON PHARMACEUTICALS INC,8731.0,232.0
52887230,3.98,3.94,2021-12-15,LXRX,LEXICON PHARMACEUTICALS INC,8731.0,232.0
52887230,3.81,4.0,2021-12-16,LXRX,LEXICON PHARMACEUTICALS INC,8731.0,232.0
52887230,3.87,3.81,2021-12-17,LXRX,LEXICON PHARMACEUTICALS INC,8731.0,232.0
52887230,3.91,3.8,2021-12-20,LXRX,LEXICON PHARMACEUTICALS INC,8731.0,232.0
52887230,3.96,3.94,2021-12-21,LXRX,LEXICON PHARMACEUTICALS INC,8731.0,232.0
52887230,4.2,3.93,2021-12-22,LXRX,LEXICON PHARMACEUTICALS INC,8731.0,232.0
52887230,4.36,4.2,2021-12-23,LXRX,LEXICON PHARMACEUTICALS INC,8731.0,232.0
52887230,4.37,4.29,2021-12-27,LXRX,LEXICON PHARMACEUTICALS INC,8731.0,232.0
52887230,4.19,4.37,2021-12-28,LXRX,LEXICON PHARMACEUTICALS INC,8731.0,232.0
52887230,4.1,4.16,2021-12-29,LXRX,LEXICON PHARMACEUTICALS INC,8731.0,232.0
52887230,4.17,4.08,2021-12-30,LXRX,LEXICON PHARMACEUTICALS INC,8731.0,232.0
52887230,3.94,4.46,2021-12-31,LXRX,LEXICON PHARMACEUTICALS INC,8731.0,232.0
52887230,3.89,3.93,2022-01-03,LXRX,LEXICON PHARMACEUTICALS INC,8731.0,232.0
52887230,3.84,3.96,2022-01-04,LXRX,LEXICON PHARMACEUTICALS INC,8731.0,232.0
52887230,3.55,3.8,2022-01-05,LXRX,LEXICON PHARMACEUTICALS INC,8731.0,232.0
52887230,3.57,3.6,2022-01-06,LXRX,LEXICON PHARMACEUTICALS INC,8731.0,232.0
52887230,3.53,3.56,2022-01-07,LXRX,LEXICON PHARMACEUTICALS INC,8731.0,232.0
52887230,3.58,3.53,2022-01-10,LXRX,LEXICON PHARMACEUTICALS INC,8731.0,232.0
52887230,3.68,3.56,2022-01-11,LXRX,LEXICON PHARMACEUTICALS INC,8731.0,232.0
52887230,3.48,3.67,2022-01-12,LXRX,LEXICON PHARMACEUTICALS INC,8731.0,232.0
52887230,3.39,3.49,2022-01-13,LXRX,LEXICON PHARMACEUTICALS INC,8731.0,232.0
52887230,3.45,3.33,2022-01-14,LXRX,LEXICON PHARMACEUTICALS INC,8731.0,232.0
52887230,3.33,3.43,2022-01-18,LXRX,LEXICON PHARMACEUTICALS INC,8731.0,232.0
52887230,3.31,3.34,2022-01-19,LXRX,LEXICON PHARMACEUTICALS INC,8731.0,232.0
52887230,3.25,3.36,2022-01-20,LXRX,LEXICON PHARMACEUTICALS INC,8731.0,232.0
52887230,3.15,3.24,2022-01-21,LXRX,LEXICON PHARMACEUTICALS INC,8731.0,232.0
52887230,3.13,3.07,2022-01-24,LXRX,LEXICON PHARMACEUTICALS INC,8731.0,232.0
52887230,3.14,3.1,2022-01-25,LXRX,LEXICON PHARMACEUTICALS INC,8731.0,232.0
52887230,3.06,3.19,2022-01-26,LXRX,LEXICON PHARMACEUTICALS INC,8731.0,232.0
52887230,2.92,3.09,2022-01-27,LXRX,LEXICON PHARMACEUTICALS INC,8731.0,232.0
52887230,3.02,2.93,2022-01-28,LXRX,LEXICON PHARMACEUTICALS INC,8731.0,232.0
52887230,3.17,3.01,2022-01-31,LXRX,LEXICON PHARMACEUTICALS INC,8731.0,232.0
52887230,3.28,3.19,2022-02-01,LXRX,LEXICON PHARMACEUTICALS INC,8731.0,232.0
52887230,3.11,3.28,2022-02-02,LXRX,LEXICON PHARMACEUTICALS INC,8731.0,232.0
52887230,3.0,3.06,2022-02-03,LXRX,LEXICON PHARMACEUTICALS INC,8731.0,232.0
52887230,3.04,3.01,2022-02-04,LXRX,LEXICON PHARMACEUTICALS INC,8731.0,232.0
52887230,3.1,3.02,2022-02-07,LXRX,LEXICON PHARMACEUTICALS INC,8731.0,232.0
52887230,3.04,3.08,2022-02-08,LXRX,LEXICON PHARMACEUTICALS INC,8731.0,232.0
52887230,3.2,3.07,2022-02-09,LXRX,LEXICON PHARMACEUTICALS INC,8731.0,232.0
52887230,3.09,3.14,2022-02-10,LXRX,LEXICON PHARMACEUTICALS INC,8731.0,232.0
52887230,3.0,3.09,2022-02-11,LXRX,LEXICON PHARMACEUTICALS INC,8731.0,232.0
52887230,2.94,3.03,2022-02-14,LXRX,LEXICON PHARMACEUTICALS INC,8731.0,232.0
52887230,3.02,2.96,2022-02-15,LXRX,LEXICON PHARMACEUTICALS INC,8731.0,232.0
52887230,3.05,3.03,2022-02-16,LXRX,LEXICON PHARMACEUTICALS INC,8731.0,232.0
52887230,2.88,3.01,2022-02-17,LXRX,LEXICON PHARMACEUTICALS INC,8731.0,232.0
52887230,2.74,2.95,2022-02-18,LXRX,LEXICON PHARMACEUTICALS INC,8731.0,232.0
52887230,2.85,2.7,2022-02-22,LXRX,LEXICON PHARMACEUTICALS INC,8731.0,232.0
52887230,2.76,2.86,2022-02-23,LXRX,LEXICON PHARMACEUTICALS INC,8731.0,232.0
52887230,2.9,2.64,2022-02-24,LXRX,LEXICON PHARMACEUTICALS INC,8731.0,232.0
52887230,2.85,2.9,2022-02-25,LXRX,LEXICON PHARMACEUTICALS INC,8731.0,232.0
52887230,2.07,2.51,2022-02-28,LXRX,LEXICON PHARMACEUTICALS INC,8731.0,232.0
52887230,2.11,2.08,2022-03-01,LXRX,LEXICON PHARMACEUTICALS INC,8731.0,232.0
52887230,2.06,2.13,2022-03-02,LXRX,LEXICON PHARMACEUTICALS INC,8731.0,232.0
52887230,2.08,2.08,2022-03-03,LXRX,LEXICON PHARMACEUTICALS INC,8731.0,232.0
52887230,2.13,2.04,2022-03-04,LXRX,LEXICON PHARMACEUTICALS INC,8731.0,232.0
52887230,2.12,2.1,2022-03-07,LXRX,LEXICON PHARMACEUTICALS INC,8731.0,232.0
52887230,2.06,2.12,2022-03-08,LXRX,LEXICON PHARMACEUTICALS INC,8731.0,232.0
52887230,2.14,2.08,2022-03-09,LXRX,LEXICON PHARMACEUTICALS INC,8731.0,232.0
52887230,2.13,2.11,2022-03-10,LXRX,LEXICON PHARMACEUTICALS INC,8731.0,232.0
52887230,2.09,2.12,2022-03-11,LXRX,LEXICON PHARMACEUTICALS INC,8731.0,232.0
52887230,1.96,2.07,2022-03-14,LXRX,LEXICON PHARMACEUTICALS INC,8731.0,232.0
52887230,1.95,1.93,2022-03-15,LXRX,LEXICON PHARMACEUTICALS INC,8731.0,232.0
52887230,2.12,1.99,2022-03-16,LXRX,LEXICON PHARMACEUTICALS INC,8731.0,232.0
52887230,2.2,2.11,2022-03-17,LXRX,LEXICON PHARMACEUTICALS INC,8731.0,232.0
52887230,2.19,2.22,2022-03-18,LXRX,LEXICON PHARMACEUTICALS INC,8731.0,232.0
52887230,2.17,2.2,2022-03-21,LXRX,LEXICON PHARMACEUTICALS INC,8731.0,232.0
52887230,2.17,2.16,2022-03-22,LXRX,LEXICON PHARMACEUTICALS INC,8731.0,232.0
52887230,2.13,2.16,2022-03-23,LXRX,LEXICON PHARMACEUTICALS INC,8731.0,232.0
52887230,2.15,2.15,2022-03-24,LXRX,LEXICON PHARMACEUTICALS INC,8731.0,232.0
52887230,2.09,2.19,2022-03-25,LXRX,LEXICON PHARMACEUTICALS INC,8731.0,232.0
52887230,2.08,2.11,2022-03-28,LXRX,LEXICON PHARMACEUTICALS INC,8731.0,232.0
52887230,2.18,2.1,2022-03-29,LXRX,LEXICON PHARMACEUTICALS INC,8731.0,232.0
52887230,2.1,2.19,2022-03-30,LXRX,LEXICON PHARMACEUTICALS INC,8731.0,232.0
52887230,2.09,2.1,2022-03-31,LXRX,LEXICON PHARMACEUTICALS INC,8731.0,232.0
52887230,2.25,2.09,2022-04-01,LXRX,LEXICON PHARMACEUTICALS INC,8731.0,232.0
52887230,2.52,2.29,2022-04-04,LXRX,LEXICON PHARMACEUTICALS INC,8731.0,232.0
52887230,2.44,2.54,2022-04-05,LXRX,LEXICON PHARMACEUTICALS INC,8731.0,232.0
52887230,2.43,2.4,2022-04-06,LXRX,LEXICON PHARMACEUTICALS INC,8731.0,232.0
52887230,2.69,2.43,2022-04-07,LXRX,LEXICON PHARMACEUTICALS INC,8731.0,232.0
52887230,2.55,2.72,2022-04-08,LXRX,LEXICON PHARMACEUTICALS INC,8731.0,232.0
52887230,2.51,2.51,2022-04-11,LXRX,LEXICON PHARMACEUTICALS INC,8731.0,232.0
52887230,2.31,2.56,2022-04-12,LXRX,LEXICON PHARMACEUTICALS INC,8731.0,232.0
52887230,2.41,2.32,2022-04-13,LXRX,LEXICON PHARMACEUTICALS INC,8731.0,232.0
52887230,2.33,2.41,2022-04-14,LXRX,LEXICON PHARMACEUTICALS INC,8731.0,232.0
52887230,2.22,2.29,2022-04-18,LXRX,LEXICON PHARMACEUTICALS INC,8731.0,232.0
52887230,2.22,2.22,2022-04-19,LXRX,LEXICON PHARMACEUTICALS INC,8731.0,232.0
52887230,2.23,2.21,2022-04-20,LXRX,LEXICON PHARMACEUTICALS INC,8731.0,232.0
52887230,2.15,2.24,2022-04-21,LXRX,LEXICON PHARMACEUTICALS INC,8731.0,232.0
52887230,2.0,2.14,2022-04-22,LXRX,LEXICON PHARMACEUTICALS INC,8731.0,232.0
52887230,2.02,2.0,2022-04-25,LXRX,LEXICON PHARMACEUTICALS INC,8731.0,232.0
52887230,1.88,1.92,2022-04-26,LXRX,LEXICON PHARMACEUTICALS INC,8731.0,232.0
52887230,1.88,1.9,2022-04-27,LXRX,LEXICON PHARMACEUTICALS INC,8731.0,232.0
52887230,1.89,1.88,2022-04-28,LXRX,LEXICON PHARMACEUTICALS INC,8731.0,232.0
52887230,1.81,1.85,2022-04-29,LXRX,LEXICON PHARMACEUTICALS INC,8731.0,232.0
52887230,1.93,1.82,2022-05-02,LXRX,LEXICON PHARMACEUTICALS INC,8731.0,232.0
52887230,1.91,1.94,2022-05-03,LXRX,LEXICON PHARMACEUTICALS INC,8731.0,232.0
52887230,1.94,1.9,2022-05-04,LXRX,LEXICON PHARMACEUTICALS INC,8731.0,232.0
52887230,1.85,1.93,2022-05-05,LXRX,LEXICON PHARMACEUTICALS INC,8731.0,232.0
52887230,1.8,1.82,2022-05-06,LXRX,LEXICON PHARMACEUTICALS INC,8731.0,232.0
52887230,1.72,1.8,2022-05-09,LXRX,LEXICON PHARMACEUTICALS INC,8731.0,232.0
52887230,1.75,1.73,2022-05-10,LXRX,LEXICON PHARMACEUTICALS INC,8731.0,232.0
52887230,1.63,1.75,2022-05-11,LXRX,LEXICON PHARMACEUTICALS INC,8731.0,232.0
52887230,1.66,1.61,2022-05-12,LXRX,LEXICON PHARMACEUTICALS INC,8731.0,232.0
52887230,1.73,1.67,2022-05-13,LXRX,LEXICON PHARMACEUTICALS INC,8731.0,232.0
52887230,1.73,1.73,2022-05-16,LXRX,LEXICON PHARMACEUTICALS INC,8731.0,232.0
52887230,1.74,1.76,2022-05-17,LXRX,LEXICON PHARMACEUTICALS INC,8731.0,232.0
52887230,1.64,1.69,2022-05-18,LXRX,LEXICON PHARMACEUTICALS INC,8731.0,232.0
52887230,1.67,1.62,2022-05-19,LXRX,LEXICON PHARMACEUTICALS INC,8731.0,232.0
52887230,1.77,1.71,2022-05-20,LXRX,LEXICON PHARMACEUTICALS INC,8731.0,232.0
52887230,1.72,1.82,2022-05-23,LXRX,LEXICON PHARMACEUTICALS INC,8731.0,232.0
52887230,1.62,1.7,2022-05-24,LXRX,LEXICON PHARMACEUTICALS INC,8731.0,232.0
52887230,1.61,1.68,2022-05-25,LXRX,LEXICON PHARMACEUTICALS INC,8731.0,232.0
52887230,1.68,1.61,2022-05-26,LXRX,LEXICON PHARMACEUTICALS INC,8731.0,232.0
52887230,1.74,1.68,2022-05-27,LXRX,LEXICON PHARMACEUTICALS INC,8731.0,232.0
52887230,1.77,1.77,2022-05-31,LXRX,LEXICON PHARMACEUTICALS INC,8731.0,232.0
52887230,1.75,1.8,2022-06-01,LXRX,LEXICON PHARMACEUTICALS INC,8731.0,232.0
52887230,1.75,1.74,2022-06-02,LXRX,LEXICON PHARMACEUTICALS INC,8731.0,232.0
52887230,1.81,1.75,2022-06-03,LXRX,LEXICON PHARMACEUTICALS INC,8731.0,232.0
52887230,1.73,1.85,2022-06-06,LXRX,LEXICON PHARMACEUTICALS INC,8731.0,232.0
52887230,1.74,1.72,2022-06-07,LXRX,LEXICON PHARMACEUTICALS INC,8731.0,232.0
52887230,1.79,1.75,2022-06-08,LXRX,LEXICON PHARMACEUTICALS INC,8731.0,232.0
52887230,1.7,1.77,2022-06-09,LXRX,LEXICON PHARMACEUTICALS INC,8731.0,232.0
52887230,1.54,1.67,2022-06-10,LXRX,LEXICON PHARMACEUTICALS INC,8731.0,232.0
52887230,1.43,1.54,2022-06-13,LXRX,LEXICON PHARMACEUTICALS INC,8731.0,232.0
52887230,1.31,1.41,2022-06-14,LXRX,LEXICON PHARMACEUTICALS INC,8731.0,232.0
52887230,1.4,1.37,2022-06-15,LXRX,LEXICON PHARMACEUTICALS INC,8731.0,232.0
52887230,1.38,1.38,2022-06-16,LXRX,LEXICON PHARMACEUTICALS INC,8731.0,232.0
52887230,1.46,1.41,2022-06-17,LXRX,LEXICON PHARMACEUTICALS INC,8731.0,232.0
52887230,1.74,1.54,2022-06-21,LXRX,LEXICON PHARMACEUTICALS INC,8731.0,232.0
52887230,1.95,1.74,2022-06-22,LXRX,LEXICON PHARMACEUTICALS INC,8731.0,232.0
52887230,1.99,1.97,2022-06-23,LXRX,LEXICON PHARMACEUTICALS INC,8731.0,232.0
52887230,2.03,2.0,2022-06-24,LXRX,LEXICON PHARMACEUTICALS INC,8731.0,232.0
52887230,2.19,2.05,2022-06-27,LXRX,LEXICON PHARMACEUTICALS INC,8731.0,232.0
52887230,2.15,2.24,2022-06-28,LXRX,LEXICON PHARMACEUTICALS INC,8731.0,232.0
52887230,2.24,2.13,2022-06-29,LXRX,LEXICON PHARMACEUTICALS INC,8731.0,232.0
52887230,1.86,2.2,2022-06-30,LXRX,LEXICON PHARMACEUTICALS INC,8731.0,232.0
52887230,1.94,1.92,2022-07-01,LXRX,LEXICON PHARMACEUTICALS INC,8731.0,232.0
52887230,2.75,1.89,2022-07-05,LXRX,LEXICON PHARMACEUTICALS INC,8731.0,232.0
52887230,2.63,2.66,2022-07-06,LXRX,LEXICON PHARMACEUTICALS INC,8731.0,232.0
52887230,2.81,2.64,2022-07-07,LXRX,LEXICON PHARMACEUTICALS INC,8731.0,232.0
52887230,2.87,2.8,2022-07-08,LXRX,LEXICON PHARMACEUTICALS INC,8731.0,232.0
52887230,2.68,2.84,2022-07-11,LXRX,LEXICON PHARMACEUTICALS INC,8731.0,232.0
52887230,2.83,2.7,2022-07-12,LXRX,LEXICON PHARMACEUTICALS INC,8731.0,232.0
52887230,2.96,2.75,2022-07-13,LXRX,LEXICON PHARMACEUTICALS INC,8731.0,232.0
52887230,3.02,2.91,2022-07-14,LXRX,LEXICON PHARMACEUTICALS INC,8731.0,232.0
52887230,3.08,3.04,2022-07-15,LXRX,LEXICON PHARMACEUTICALS INC,8731.0,232.0
52887230,2.82,3.1,2022-07-18,LXRX,LEXICON PHARMACEUTICALS INC,8731.0,232.0
52887230,2.98,2.84,2022-07-19,LXRX,LEXICON PHARMACEUTICALS INC,8731.0,232.0
52887230,3.08,3.0,2022-07-20,LXRX,LEXICON PHARMACEUTICALS INC,8731.0,232.0
52887230,3.18,3.07,2022-07-21,LXRX,LEXICON PHARMACEUTICALS INC,8731.0,232.0
52887230,3.08,3.2,2022-07-22,LXRX,LEXICON PHARMACEUTICALS INC,8731.0,232.0
52887230,3.08,3.07,2022-07-25,LXRX,LEXICON PHARMACEUTICALS INC,8731.0,232.0
52887230,3.13,3.05,2022-07-26,LXRX,LEXICON PHARMACEUTICALS INC,8731.0,232.0
52887230,3.27,3.18,2022-07-27,LXRX,LEXICON PHARMACEUTICALS INC,8731.0,232.0
52887230,2.4,2.61,2022-07-28,LXRX,LEXICON PHARMACEUTICALS INC,8731.0,232.0
52887230,2.38,2.44,2022-07-29,LXRX,LEXICON PHARMACEUTICALS INC,8731.0,232.0
52887230,2.37,2.36,2022-08-01,LXRX,LEXICON PHARMACEUTICALS INC,8731.0,232.0
52887230,2.6,2.55,2022-08-02,LXRX,LEXICON PHARMACEUTICALS INC,8731.0,232.0
52887230,2.69,2.61,2022-08-03,LXRX,LEXICON PHARMACEUTICALS INC,8731.0,232.0
52887230,2.69,2.69,2022-08-04,LXRX,LEXICON PHARMACEUTICALS INC,8731.0,232.0
52887230,2.83,2.62,2022-08-05,LXRX,LEXICON PHARMACEUTICALS INC,8731.0,232.0
52887230,2.58,2.87,2022-08-08,LXRX,LEXICON PHARMACEUTICALS INC,8731.0,232.0
52887230,2.56,2.67,2022-08-09,LXRX,LEXICON PHARMACEUTICALS INC,8731.0,232.0
52887230,2.78,2.65,2022-08-10,LXRX,LEXICON PHARMACEUTICALS INC,8731.0,232.0
52887230,2.76,2.77,2022-08-11,LXRX,LEXICON PHARMACEUTICALS INC,8731.0,232.0
52887230,3.17,2.9,2022-08-12,LXRX,LEXICON PHARMACEUTICALS INC,8731.0,232.0
52887230,3.43,3.18,2022-08-15,LXRX,LEXICON PHARMACEUTICALS INC,8731.0,232.0
52887230,3.28,3.48,2022-08-16,LXRX,LEXICON PHARMACEUTICALS INC,8731.0,232.0
52887230,3.06,3.22,2022-08-17,LXRX,LEXICON PHARMACEUTICALS INC,8731.0,232.0
52887230,3.1,3.07,2022-08-18,LXRX,LEXICON PHARMACEUTICALS INC,8731.0,232.0
52887230,3.07,3.0,2022-08-19,LXRX,LEXICON PHARMACEUTICALS INC,8731.0,232.0
52887230,2.87,3.03,2022-08-22,LXRX,LEXICON PHARMACEUTICALS INC,8731.0,232.0
52887230,2.89,2.88,2022-08-23,LXRX,LEXICON PHARMACEUTICALS INC,8731.0,232.0
52887230,3.04,2.9,2022-08-24,LXRX,LEXICON PHARMACEUTICALS INC,8731.0,232.0
52887230,3.0,3.05,2022-08-25,LXRX,LEXICON PHARMACEUTICALS INC,8731.0,232.0
52887230,2.79,2.99,2022-08-26,LXRX,LEXICON PHARMACEUTICALS INC,8731.0,232.0
52887230,2.76,2.77,2022-08-29,LXRX,LEXICON PHARMACEUTICALS INC,8731.0,232.0
52887230,2.7,2.8,2022-08-30,LXRX,LEXICON PHARMACEUTICALS INC,8731.0,232.0
52887230,2.75,2.72,2022-08-31,LXRX,LEXICON PHARMACEUTICALS INC,8731.0,232.0
52887230,2.76,2.75,2022-09-01,LXRX,LEXICON PHARMACEUTICALS INC,8731.0,232.0
52887230,2.72,2.81,2022-09-02,LXRX,LEXICON PHARMACEUTICALS INC,8731.0,232.0
52887230,2.57,2.74,2022-09-06,LXRX,LEXICON PHARMACEUTICALS INC,8731.0,232.0
52887230,2.72,2.58,2022-09-07,LXRX,LEXICON PHARMACEUTICALS INC,8731.0,232.0
52887230,2.85,2.67,2022-09-08,LXRX,LEXICON PHARMACEUTICALS INC,8731.0,232.0
52887230,2.9,2.89,2022-09-09,LXRX,LEXICON PHARMACEUTICALS INC,8731.0,232.0
52887230,2.82,2.89,2022-09-12,LXRX,LEXICON PHARMACEUTICALS INC,8731.0,232.0
52887230,2.74,2.75,2022-09-13,LXRX,LEXICON PHARMACEUTICALS INC,8731.0,232.0
52887230,2.75,2.73,2022-09-14,LXRX,LEXICON PHARMACEUTICALS INC,8731.0,232.0
52887230,2.68,2.72,2022-09-15,LXRX,LEXICON PHARMACEUTICALS INC,8731.0,232.0
52887230,2.63,2.65,2022-09-16,LXRX,LEXICON PHARMACEUTICALS INC,8731.0,232.0
52887230,2.47,2.59,2022-09-19,LXRX,LEXICON PHARMACEUTICALS INC,8731.0,232.0
52887230,2.53,2.48,2022-09-20,LXRX,LEXICON PHARMACEUTICALS INC,8731.0,232.0
52887230,2.45,2.56,2022-09-21,LXRX,LEXICON PHARMACEUTICALS INC,8731.0,232.0
52887230,2.37,2.43,2022-09-22,LXRX,LEXICON PHARMACEUTICALS INC,8731.0,232.0
52887230,2.33,2.32,2022-09-23,LXRX,LEXICON PHARMACEUTICALS INC,8731.0,232.0
52887230,2.33,2.3,2022-09-26,LXRX,LEXICON PHARMACEUTICALS INC,8731.0,232.0
52887230,2.42,2.36,2022-09-27,LXRX,LEXICON PHARMACEUTICALS INC,8731.0,232.0
52887230,2.55,2.45,2022-09-28,LXRX,LEXICON PHARMACEUTICALS INC,8731.0,232.0
52887230,2.41,2.53,2022-09-29,LXRX,LEXICON PHARMACEUTICALS INC,8731.0,232.0
52887230,2.4,2.41,2022-09-30,LXRX,LEXICON PHARMACEUTICALS INC,8731.0,232.0
52887230,2.45,2.42,2022-10-03,LXRX,LEXICON PHARMACEUTICALS INC,8731.0,232.0
52887230,2.56,2.53,2022-10-04,LXRX,LEXICON PHARMACEUTICALS INC,8731.0,232.0
52887230,2.47,2.51,2022-10-05,LXRX,LEXICON PHARMACEUTICALS INC,8731.0,232.0
52887230,2.46,2.46,2022-10-06,LXRX,LEXICON PHARMACEUTICALS INC,8731.0,232.0
52887230,2.29,2.45,2022-10-07,LXRX,LEXICON PHARMACEUTICALS INC,8731.0,232.0
52887230,2.15,2.3,2022-10-10,LXRX,LEXICON PHARMACEUTICALS INC,8731.0,232.0
52887230,2.2,2.2,2022-10-11,LXRX,LEXICON PHARMACEUTICALS INC,8731.0,232.0
52887230,2.13,2.2,2022-10-12,LXRX,LEXICON PHARMACEUTICALS INC,8731.0,232.0
52887230,2.16,2.07,2022-10-13,LXRX,LEXICON PHARMACEUTICALS INC,8731.0,232.0
52887230,2.11,2.2,2022-10-14,LXRX,LEXICON PHARMACEUTICALS INC,8731.0,232.0
52887230,2.2,2.12,2022-10-17,LXRX,LEXICON PHARMACEUTICALS INC,8731.0,232.0
52887230,2.09,2.23,2022-10-18,LXRX,LEXICON PHARMACEUTICALS INC,8731.0,232.0
52887230,1.95,2.08,2022-10-19,LXRX,LEXICON PHARMACEUTICALS INC,8731.0,232.0
52887230,1.89,1.97,2022-10-20,LXRX,LEXICON PHARMACEUTICALS INC,8731.0,232.0
52887230,1.94,1.92,2022-10-21,LXRX,LEXICON PHARMACEUTICALS INC,8731.0,232.0
52887230,1.94,1.96,2022-10-24,LXRX,LEXICON PHARMACEUTICALS INC,8731.0,232.0
52887230,2.09,1.95,2022-10-25,LXRX,LEXICON PHARMACEUTICALS INC,8731.0,232.0
52887230,2.11,2.11,2022-10-26,LXRX,LEXICON PHARMACEUTICALS INC,8731.0,232.0
52887230,2.09,2.13,2022-10-27,LXRX,LEXICON PHARMACEUTICALS INC,8731.0,232.0
52887230,2.2,2.1,2022-10-28,LXRX,LEXICON PHARMACEUTICALS INC,8731.0,232.0
52887230,2.15,2.2,2022-10-31,LXRX,LEXICON PHARMACEUTICALS INC,8731.0,232.0
52887230,2.22,2.16,2022-11-01,LXRX,LEXICON PHARMACEUTICALS INC,8731.0,232.0
52887230,2.11,2.23,2022-11-02,LXRX,LEXICON PHARMACEUTICALS INC,8731.0,232.0
52887230,2.14,2.09,2022-11-03,LXRX,LEXICON PHARMACEUTICALS INC,8731.0,232.0
52887230,2.08,2.15,2022-11-04,LXRX,LEXICON PHARMACEUTICALS INC,8731.0,232.0
52887230,2.13,2.1,2022-11-07,LXRX,LEXICON PHARMACEUTICALS INC,8731.0,232.0
52887230,2.06,2.15,2022-11-08,LXRX,LEXICON PHARMACEUTICALS INC,8731.0,232.0
52887230,1.96,2.04,2022-11-09,LXRX,LEXICON PHARMACEUTICALS INC,8731.0,232.0
52887230,2.24,2.08,2022-11-10,LXRX,LEXICON PHARMACEUTICALS INC,8731.0,232.0
52887230,2.37,2.28,2022-11-11,LXRX,LEXICON PHARMACEUTICALS INC,8731.0,232.0
52887230,2.33,2.35,2022-11-14,LXRX,LEXICON PHARMACEUTICALS INC,8731.0,232.0
52887230,2.32,2.41,2022-11-15,LXRX,LEXICON PHARMACEUTICALS INC,8731.0,232.0
52887230,2.29,2.32,2022-11-16,LXRX,LEXICON PHARMACEUTICALS INC,8731.0,232.0
52887230,2.21,2.24,2022-11-17,LXRX,LEXICON PHARMACEUTICALS INC,8731.0,232.0
52887230,2.22,2.28,2022-11-18,LXRX,LEXICON PHARMACEUTICALS INC,8731.0,232.0
52887230,2.19,2.2,2022-11-21,LXRX,LEXICON PHARMACEUTICALS INC,8731.0,232.0
52887230,2.22,2.22,2022-11-22,LXRX,LEXICON PHARMACEUTICALS INC,8731.0,232.0
52887230,2.13,2.21,2022-11-23,LXRX,LEXICON PHARMACEUTICALS INC,8731.0,232.0
52887230,2.13,2.13,2022-11-25,LXRX,LEXICON PHARMACEUTICALS INC,8731.0,232.0
52887230,2.02,2.12,2022-11-28,LXRX,LEXICON PHARMACEUTICALS INC,8731.0,232.0
52887230,2.05,2.0,2022-11-29,LXRX,LEXICON PHARMACEUTICALS INC,8731.0,232.0
52887230,2.14,2.04,2022-11-30,LXRX,LEXICON PHARMACEUTICALS INC,8731.0,232.0
52887230,2.14,2.18,2022-12-01,LXRX,LEXICON PHARMACEUTICALS INC,8731.0,232.0
52887230,2.26,2.12,2022-12-02,LXRX,LEXICON PHARMACEUTICALS INC,8731.0,232.0
52887230,2.16,2.24,2022-12-05,LXRX,LEXICON PHARMACEUTICALS INC,8731.0,232.0
52887230,2.11,2.18,2022-12-06,LXRX,LEXICON PHARMACEUTICALS INC,8731.0,232.0
52887230,2.07,2.12,2022-12-07,LXRX,LEXICON PHARMACEUTICALS INC,8731.0,232.0
52887230,2.17,2.11,2022-12-08,LXRX,LEXICON PHARMACEUTICALS INC,8731.0,232.0
52887230,2.04,2.16,2022-12-09,LXRX,LEXICON PHARMACEUTICALS INC,8731.0,232.0
52887230,2.12,2.04,2022-12-12,LXRX,LEXICON PHARMACEUTICALS INC,8731.0,232.0
52887230,2.17,2.2,2022-12-13,LXRX,LEXICON PHARMACEUTICALS INC,8731.0,232.0
52887230,2.21,2.18,2022-12-14,LXRX,LEXICON PHARMACEUTICALS INC,8731.0,232.0
52887230,2.13,2.18,2022-12-15,LXRX,LEXICON PHARMACEUTICALS INC,8731.0,232.0
52887230,2.08,2.04,2022-12-16,LXRX,LEXICON PHARMACEUTICALS INC,8731.0,232.0
52887230,2.03,2.06,2022-12-19,LXRX,LEXICON PHARMACEUTICALS INC,8731.0,232.0
52887230,1.92,2.05,2022-12-20,LXRX,LEXICON PHARMACEUTICALS INC,8731.0,232.0
52887230,1.9,1.93,2022-12-21,LXRX,LEXICON PHARMACEUTICALS INC,8731.0,232.0
52887230,1.95,1.71,2022-12-22,LXRX,LEXICON PHARMACEUTICALS INC,8731.0,232.0
52887230,1.95,1.95,2022-12-23,LXRX,LEXICON PHARMACEUTICALS INC,8731.0,232.0
52887230,1.83,1.93,2022-12-27,LXRX,LEXICON PHARMACEUTICALS INC,8731.0,232.0
52887230,1.8,1.78,2022-12-28,LXRX,LEXICON PHARMACEUTICALS INC,8731.0,232.0
52887230,1.93,1.81,2022-12-29,LXRX,LEXICON PHARMACEUTICALS INC,8731.0,232.0
52887230,1.91,1.93,2022-12-30,LXRX,LEXICON PHARMACEUTICALS INC,8731.0,232.0
52887230,1.99,1.94,2023-01-03,LXRX,LEXICON PHARMACEUTICALS INC,8731.0,232.0
52887230,2.05,2.0,2023-01-04,LXRX,LEXICON PHARMACEUTICALS INC,8731.0,232.0
52887230,2.08,2.05,2023-01-05,LXRX,LEXICON PHARMACEUTICALS INC,8731.0,232.0
52887230,2.14,2.09,2023-01-06,LXRX,LEXICON PHARMACEUTICALS INC,8731.0,232.0
52887230,2.11,2.17,2023-01-09,LXRX,LEXICON PHARMACEUTICALS INC,8731.0,232.0
52887230,2.16,2.11,2023-01-10,LXRX,LEXICON PHARMACEUTICALS INC,8731.0,232.0
52887230,2.15,2.15,2023-01-11,LXRX,LEXICON PHARMACEUTICALS INC,8731.0,232.0
52887230,2.29,2.15,2023-01-12,LXRX,LEXICON PHARMACEUTICALS INC,8731.0,232.0
52887230,2.36,2.26,2023-01-13,LXRX,LEXICON PHARMACEUTICALS INC,8731.0,232.0
52887230,2.34,2.37,2023-01-17,LXRX,LEXICON PHARMACEUTICALS INC,8731.0,232.0
52887230,2.23,2.36,2023-01-18,LXRX,LEXICON PHARMACEUTICALS INC,8731.0,232.0
52887230,2.32,2.2,2023-01-19,LXRX,LEXICON PHARMACEUTICALS INC,8731.0,232.0
52887230,2.32,2.35,2023-01-20,LXRX,LEXICON PHARMACEUTICALS INC,8731.0,232.0
52887230,2.24,2.34,2023-01-23,LXRX,LEXICON PHARMACEUTICALS INC,8731.0,232.0
52887230,2.25,2.3,2023-01-24,LXRX,LEXICON PHARMACEUTICALS INC,8731.0,232.0
52887230,2.25,2.25,2023-01-25,LXRX,LEXICON PHARMACEUTICALS INC,8731.0,232.0
52887230,2.22,2.28,2023-01-26,LXRX,LEXICON PHARMACEUTICALS INC,8731.0,232.0
52887230,2.22,2.2,2023-01-27,LXRX,LEXICON PHARMACEUTICALS INC,8731.0,232.0
52887230,2.17,2.22,2023-01-30,LXRX,LEXICON PHARMACEUTICALS INC,8731.0,232.0
52887230,2.24,2.21,2023-01-31,LXRX,LEXICON PHARMACEUTICALS INC,8731.0,232.0
52887230,2.27,2.23,2023-02-01,LXRX,LEXICON PHARMACEUTICALS INC,8731.0,232.0
52887230,2.46,2.31,2023-02-02,LXRX,LEXICON PHARMACEUTICALS INC,8731.0,232.0
52887230,2.36,2.42,2023-02-03,LXRX,LEXICON PHARMACEUTICALS INC,8731.0,232.0
52887230,2.39,2.35,2023-02-06,LXRX,LEXICON PHARMACEUTICALS INC,8731.0,232.0
52887230,2.47,2.4,2023-02-07,LXRX,LEXICON PHARMACEUTICALS INC,8731.0,232.0
52887230,2.43,2.45,2023-02-08,LXRX,LEXICON PHARMACEUTICALS INC,8731.0,232.0
52887230,2.31,2.44,2023-02-09,LXRX,LEXICON PHARMACEUTICALS INC,8731.0,232.0
52887230,2.28,2.3,2023-02-10,LXRX,LEXICON PHARMACEUTICALS INC,8731.0,232.0
52887230,2.29,2.29,2023-02-13,LXRX,LEXICON PHARMACEUTICALS INC,8731.0,232.0
52887230,2.3,2.28,2023-02-14,LXRX,LEXICON PHARMACEUTICALS INC,8731.0,232.0
52887230,2.28,2.28,2023-02-15,LXRX,LEXICON PHARMACEUTICALS INC,8731.0,232.0
52887230,2.28,2.27,2023-02-16,LXRX,LEXICON PHARMACEUTICALS INC,8731.0,232.0
52887230,2.43,2.29,2023-02-17,LXRX,LEXICON PHARMACEUTICALS INC,8731.0,232.0
52887230,2.22,2.43,2023-02-21,LXRX,LEXICON PHARMACEUTICALS INC,8731.0,232.0
52887230,2.36,2.23,2023-02-22,LXRX,LEXICON PHARMACEUTICALS INC,8731.0,232.0
52887230,2.45,2.39,2023-02-23,LXRX,LEXICON PHARMACEUTICALS INC,8731.0,232.0
52887230,2.23,2.38,2023-02-24,LXRX,LEXICON PHARMACEUTICALS INC,8731.0,232.0
52887230,2.17,2.25,2023-02-27,LXRX,LEXICON PHARMACEUTICALS INC,8731.0,232.0
52887230,2.25,2.2,2023-02-28,LXRX,LEXICON PHARMACEUTICALS INC,8731.0,232.0
52887230,2.2,2.26,2023-03-01,LXRX,LEXICON PHARMACEUTICALS INC,8731.0,232.0
52887230,2.18,2.22,2023-03-02,LXRX,LEXICON PHARMACEUTICALS INC,8731.0,232.0
52887230,2.68,2.2,2023-03-03,LXRX,LEXICON PHARMACEUTICALS INC,8731.0,232.0
52887230,2.6,2.81,2023-03-06,LXRX,LEXICON PHARMACEUTICALS INC,8731.0,232.0
52887230,2.58,2.57,2023-03-07,LXRX,LEXICON PHARMACEUTICALS INC,8731.0,232.0
52887230,2.44,2.57,2023-03-08,LXRX,LEXICON PHARMACEUTICALS INC,8731.0,232.0
52887230,2.26,2.45,2023-03-09,LXRX,LEXICON PHARMACEUTICALS INC,8731.0,232.0
52887230,2.21,2.27,2023-03-10,LXRX,LEXICON PHARMACEUTICALS INC,8731.0,232.0
52887230,2.31,2.2,2023-03-13,LXRX,LEXICON PHARMACEUTICALS INC,8731.0,232.0
52887230,2.31,2.4,2023-03-14,LXRX,LEXICON PHARMACEUTICALS INC,8731.0,232.0
52887230,2.29,2.28,2023-03-15,LXRX,LEXICON PHARMACEUTICALS INC,8731.0,232.0
52887230,2.35,2.29,2023-03-16,LXRX,LEXICON PHARMACEUTICALS INC,8731.0,232.0
52887230,2.25,2.33,2023-03-17,LXRX,LEXICON PHARMACEUTICALS INC,8731.0,232.0
52887230,2.26,2.25,2023-03-20,LXRX,LEXICON PHARMACEUTICALS INC,8731.0,232.0
52887230,2.29,2.32,2023-03-21,LXRX,LEXICON PHARMACEUTICALS INC,8731.0,232.0
52887230,2.17,2.3,2023-03-22,LXRX,LEXICON PHARMACEUTICALS INC,8731.0,232.0
52887230,2.26,2.18,2023-03-23,LXRX,LEXICON PHARMACEUTICALS INC,8731.0,232.0
52887230,2.32,2.23,2023-03-24,LXRX,LEXICON PHARMACEUTICALS INC,8731.0,232.0
52887230,2.31,2.35,2023-03-27,LXRX,LEXICON PHARMACEUTICALS INC,8731.0,232.0
52887230,2.32,2.29,2023-03-28,LXRX,LEXICON PHARMACEUTICALS INC,8731.0,232.0
52887230,2.37,2.33,2023-03-29,LXRX,LEXICON PHARMACEUTICALS INC,8731.0,232.0
52887230,2.33,2.39,2023-03-30,LXRX,LEXICON PHARMACEUTICALS INC,8731.0,232.0
52887230,2.43,2.36,2023-03-31,LXRX,LEXICON PHARMACEUTICALS INC,8731.0,232.0
52887230,2.46,2.41,2023-04-03,LXRX,LEXICON PHARMACEUTICALS INC,8731.0,232.0
52887230,2.34,2.48,2023-04-04,LXRX,LEXICON PHARMACEUTICALS INC,8731.0,232.0
52887230,2.31,2.31,2023-04-05,LXRX,LEXICON PHARMACEUTICALS INC,8731.0,232.0
52887230,2.37,2.31,2023-04-06,LXRX,LEXICON PHARMACEUTICALS INC,8731.0,232.0
52887230,2.36,2.35,2023-04-10,LXRX,LEXICON PHARMACEUTICALS INC,8731.0,232.0
52887230,2.42,2.38,2023-04-11,LXRX,LEXICON PHARMACEUTICALS INC,8731.0,232.0
52887230,2.33,2.44,2023-04-12,LXRX,LEXICON PHARMACEUTICALS INC,8731.0,232.0
52887230,2.46,2.34,2023-04-13,LXRX,LEXICON PHARMACEUTICALS INC,8731.0,232.0
52887230,2.41,2.47,2023-04-14,LXRX,LEXICON PHARMACEUTICALS INC,8731.0,232.0
52887230,2.69,2.46,2023-04-17,LXRX,LEXICON PHARMACEUTICALS INC,8731.0,232.0
52887230,2.6,2.75,2023-04-18,LXRX,LEXICON PHARMACEUTICALS INC,8731.0,232.0
52887230,2.57,2.68,2023-04-19,LXRX,LEXICON PHARMACEUTICALS INC,8731.0,232.0
52887230,2.45,2.57,2023-04-20,LXRX,LEXICON PHARMACEUTICALS INC,8731.0,232.0
52887230,2.49,2.5,2023-04-21,LXRX,LEXICON PHARMACEUTICALS INC,8731.0,232.0
52887230,2.37,2.53,2023-04-24,LXRX,LEXICON PHARMACEUTICALS INC,8731.0,232.0
52887230,2.36,2.36,2023-04-25,LXRX,LEXICON PHARMACEUTICALS INC,8731.0,232.0
52887230,2.41,2.39,2023-04-26,LXRX,LEXICON PHARMACEUTICALS INC,8731.0,232.0
52887230,2.36,2.44,2023-04-27,LXRX,LEXICON PHARMACEUTICALS INC,8731.0,232.0
52887230,2.39,2.38,2023-04-28,LXRX,LEXICON PHARMACEUTICALS INC,8731.0,232.0
52887230,2.44,2.4,2023-05-01,LXRX,LEXICON PHARMACEUTICALS INC,8731.0,232.0
52887230,2.38,2.51,2023-05-02,LXRX,LEXICON PHARMACEUTICALS INC,8731.0,232.0
52887230,2.74,2.49,2023-05-03,LXRX,LEXICON PHARMACEUTICALS INC,8731.0,232.0
52887230,3.08,2.8,2023-05-04,LXRX,LEXICON PHARMACEUTICALS INC,8731.0,232.0
52887230,3.49,3.15,2023-05-05,LXRX,LEXICON PHARMACEUTICALS INC,8731.0,232.0
52887230,3.26,3.54,2023-05-08,LXRX,LEXICON PHARMACEUTICALS INC,8731.0,232.0
52887230,3.03,3.26,2023-05-09,LXRX,LEXICON PHARMACEUTICALS INC,8731.0,232.0
52887230,3.07,3.15,2023-05-10,LXRX,LEXICON PHARMACEUTICALS INC,8731.0,232.0
52887230,3.14,3.08,2023-05-11,LXRX,LEXICON PHARMACEUTICALS INC,8731.0,232.0
52887230,2.87,3.17,2023-05-12,LXRX,LEXICON PHARMACEUTICALS INC,8731.0,232.0
52887230,2.98,2.92,2023-05-15,LXRX,LEXICON PHARMACEUTICALS INC,8731.0,232.0
52887230,2.93,2.99,2023-05-16,LXRX,LEXICON PHARMACEUTICALS INC,8731.0,232.0
52887230,2.93,2.96,2023-05-17,LXRX,LEXICON PHARMACEUTICALS INC,8731.0,232.0
52887230,2.89,2.9,2023-05-18,LXRX,LEXICON PHARMACEUTICALS INC,8731.0,232.0
52887230,3.01,2.96,2023-05-19,LXRX,LEXICON PHARMACEUTICALS INC,8731.0,232.0
52887230,3.21,3.13,2023-05-22,LXRX,LEXICON PHARMACEUTICALS INC,8731.0,232.0
52887230,3.06,3.23,2023-05-23,LXRX,LEXICON PHARMACEUTICALS INC,8731.0,232.0
52887230,3.02,3.05,2023-05-24,LXRX,LEXICON PHARMACEUTICALS INC,8731.0,232.0
52887230,2.9,3.08,2023-05-25,LXRX,LEXICON PHARMACEUTICALS INC,8731.0,232.0
52887230,3.18,3.06,2023-05-26,LXRX,LEXICON PHARMACEUTICALS INC,8731.0,232.0
52887230,2.9,3.4,2023-05-30,LXRX,LEXICON PHARMACEUTICALS INC,8731.0,232.0
52887230,3.3,2.91,2023-05-31,LXRX,LEXICON PHARMACEUTICALS INC,8731.0,232.0
52887230,2.71,2.67,2023-06-01,LXRX,LEXICON PHARMACEUTICALS INC,8731.0,232.0
52887230,2.745,2.79,2023-06-02,LXRX,LEXICON PHARMACEUTICALS INC,8731.0,232.0
52887230,2.54,2.76,2023-06-05,LXRX,LEXICON PHARMACEUTICALS INC,8731.0,232.0
52887230,2.66,2.6,2023-06-06,LXRX,LEXICON PHARMACEUTICALS INC,8731.0,232.0
52887230,2.93,2.71,2023-06-07,LXRX,LEXICON PHARMACEUTICALS INC,8731.0,232.0
52887230,3.03,2.98,2023-06-08,LXRX,LEXICON PHARMACEUTICALS INC,8731.0,232.0
52887230,2.825,3.02,2023-06-09,LXRX,LEXICON PHARMACEUTICALS INC,8731.0,232.0
52887230,2.65,2.86,2023-06-12,LXRX,LEXICON PHARMACEUTICALS INC,8731.0,232.0
52887230,2.65,2.68,2023-06-13,LXRX,LEXICON PHARMACEUTICALS INC,8731.0,232.0
52887230,2.5,2.68,2023-06-14,LXRX,LEXICON PHARMACEUTICALS INC,8731.0,232.0
52887230,2.57,2.51,2023-06-15,LXRX,LEXICON PHARMACEUTICALS INC,8731.0,232.0
52887230,2.42,2.66,2023-06-16,LXRX,LEXICON PHARMACEUTICALS INC,8731.0,232.0
52887230,2.36,2.41,2023-06-20,LXRX,LEXICON PHARMACEUTICALS INC,8731.0,232.0
52887230,2.3,2.43,2023-06-21,LXRX,LEXICON PHARMACEUTICALS INC,8731.0,232.0
52887230,2.32,2.31,2023-06-22,LXRX,LEXICON PHARMACEUTICALS INC,8731.0,232.0
52887230,2.37,2.43,2023-06-23,LXRX,LEXICON PHARMACEUTICALS INC,8731.0,232.0
52887230,2.17,2.4,2023-06-26,LXRX,LEXICON PHARMACEUTICALS INC,8731.0,232.0
52887230,2.145,2.21,2023-06-27,LXRX,LEXICON PHARMACEUTICALS INC,8731.0,232.0
52887230,2.25,2.15,2023-06-28,LXRX,LEXICON PHARMACEUTICALS INC,8731.0,232.0
52887230,2.17,2.24,2023-06-29,LXRX,LEXICON PHARMACEUTICALS INC,8731.0,232.0
52887230,2.29,2.23,2023-06-30,LXRX,LEXICON PHARMACEUTICALS INC,8731.0,232.0
52887230,2.32,2.28,2023-07-03,LXRX,LEXICON PHARMACEUTICALS INC,8731.0,232.0
52887230,2.26,2.31,2023-07-05,LXRX,LEXICON PHARMACEUTICALS INC,8731.0,232.0
52887230,2.22,2.21,2023-07-06,LXRX,LEXICON PHARMACEUTICALS INC,8731.0,232.0
52887230,2.22,2.2,2023-07-07,LXRX,LEXICON PHARMACEUTICALS INC,8731.0,232.0
52887230,2.33,2.21,2023-07-10,LXRX,LEXICON PHARMACEUTICALS INC,8731.0,232.0
52887230,2.33,2.33,2023-07-11,LXRX,LEXICON PHARMACEUTICALS INC,8731.0,232.0
52887230,2.31,2.36,2023-07-12,LXRX,LEXICON PHARMACEUTICALS INC,8731.0,232.0
52887230,2.3,2.31,2023-07-13,LXRX,LEXICON PHARMACEUTICALS INC,8731.0,232.0
52887230,2.21,2.29,2023-07-14,LXRX,LEXICON PHARMACEUTICALS INC,8731.0,232.0
52887230,2.25,2.22,2023-07-17,LXRX,LEXICON PHARMACEUTICALS INC,8731.0,232.0
52887230,2.23,2.25,2023-07-18,LXRX,LEXICON PHARMACEUTICALS INC,8731.0,232.0
52887230,2.18,2.22,2023-07-19,LXRX,LEXICON PHARMACEUTICALS INC,8731.0,232.0
52887230,2.1,2.17,2023-07-20,LXRX,LEXICON PHARMACEUTICALS INC,8731.0,232.0
52887230,2.08,2.11,2023-07-21,LXRX,LEXICON PHARMACEUTICALS INC,8731.0,232.0
52887230,2.0,2.08,2023-07-24,LXRX,LEXICON PHARMACEUTICALS INC,8731.0,232.0
52887230,1.97,2.0,2023-07-25,LXRX,LEXICON PHARMACEUTICALS INC,8731.0,232.0
52887230,1.94,1.97,2023-07-26,LXRX,LEXICON PHARMACEUTICALS INC,8731.0,232.0
52887230,1.91,1.98,2023-07-27,LXRX,LEXICON PHARMACEUTICALS INC,8731.0,232.0
52887230,1.98,1.93,2023-07-28,LXRX,LEXICON PHARMACEUTICALS INC,8731.0,232.0
52887230,2.01,1.99,2023-07-31,LXRX,LEXICON PHARMACEUTICALS INC,8731.0,232.0
52887230,1.94,2.0,2023-08-01,LXRX,LEXICON PHARMACEUTICALS INC,8731.0,232.0
52887230,1.89,1.94,2023-08-02,LXRX,LEXICON PHARMACEUTICALS INC,8731.0,232.0
52887230,1.92,1.91,2023-08-03,LXRX,LEXICON PHARMACEUTICALS INC,8731.0,232.0
52887230,1.87,1.8,2023-08-04,LXRX,LEXICON PHARMACEUTICALS INC,8731.0,232.0
52887230,1.7,1.87,2023-08-07,LXRX,LEXICON PHARMACEUTICALS INC,8731.0,232.0
52887230,1.82,1.71,2023-08-08,LXRX,LEXICON PHARMACEUTICALS INC,8731.0,232.0
52887230,1.73,1.83,2023-08-09,LXRX,LEXICON PHARMACEUTICALS INC,8731.0,232.0
52887230,1.72,1.73,2023-08-10,LXRX,LEXICON PHARMACEUTICALS INC,8731.0,232.0
52887230,1.73,1.71,2023-08-11,LXRX,LEXICON PHARMACEUTICALS INC,8731.0,232.0
52887230,1.7,1.73,2023-08-14,LXRX,LEXICON PHARMACEUTICALS INC,8731.0,232.0
52887230,1.63,1.7,2023-08-15,LXRX,LEXICON PHARMACEUTICALS INC,8731.0,232.0
52887230,1.61,1.63,2023-08-16,LXRX,LEXICON PHARMACEUTICALS INC,8731.0,232.0
52887230,1.61,1.6,2023-08-17,LXRX,LEXICON PHARMACEUTICALS INC,8731.0,232.0
52887230,1.66,1.6,2023-08-18,LXRX,LEXICON PHARMACEUTICALS INC,8731.0,232.0
52887230,1.74,1.66,2023-08-21,LXRX,LEXICON PHARMACEUTICALS INC,8731.0,232.0
52887230,1.73,1.77,2023-08-22,LXRX,LEXICON PHARMACEUTICALS INC,8731.0,232.0
52887230,1.76,1.72,2023-08-23,LXRX,LEXICON PHARMACEUTICALS INC,8731.0,232.0
52887230,1.74,1.76,2023-08-24,LXRX,LEXICON PHARMACEUTICALS INC,8731.0,232.0
52887230,1.83,1.75,2023-08-25,LXRX,LEXICON PHARMACEUTICALS INC,8731.0,232.0
52887230,1.85,1.84,2023-08-28,LXRX,LEXICON PHARMACEUTICALS INC,8731.0,232.0
52887230,1.9,1.83,2023-08-29,LXRX,LEXICON PHARMACEUTICALS INC,8731.0,232.0
52887230,1.81,1.9,2023-08-30,LXRX,LEXICON PHARMACEUTICALS INC,8731.0,232.0
52887230,1.72,1.81,2023-08-31,LXRX,LEXICON PHARMACEUTICALS INC,8731.0,232.0
52887230,1.69,1.73,2023-09-01,LXRX,LEXICON PHARMACEUTICALS INC,8731.0,232.0
52887230,1.64,1.69,2023-09-05,LXRX,LEXICON PHARMACEUTICALS INC,8731.0,232.0
52887230,1.63,1.64,2023-09-06,LXRX,LEXICON PHARMACEUTICALS INC,8731.0,232.0
52887230,1.62,1.64,2023-09-07,LXRX,LEXICON PHARMACEUTICALS INC,8731.0,232.0
52887230,1.59,1.62,2023-09-08,LXRX,LEXICON PHARMACEUTICALS INC,8731.0,232.0
52887230,1.52,1.59,2023-09-11,LXRX,LEXICON PHARMACEUTICALS INC,8731.0,232.0
52887230,1.52,1.53,2023-09-12,LXRX,LEXICON PHARMACEUTICALS INC,8731.0,232.0
52887230,1.41,1.52,2023-09-13,LXRX,LEXICON PHARMACEUTICALS INC,8731.0,232.0
52887230,1.34,1.38,2023-09-14,LXRX,LEXICON PHARMACEUTICALS INC,8731.0,232.0
52887230,1.4,1.37,2023-09-15,LXRX,LEXICON PHARMACEUTICALS INC,8731.0,232.0
52887230,1.225,1.38,2023-09-18,LXRX,LEXICON PHARMACEUTICALS INC,8731.0,232.0
52887230,1.215,1.23,2023-09-19,LXRX,LEXICON PHARMACEUTICALS INC,8731.0,232.0
52887230,1.16,1.19,2023-09-20,LXRX,LEXICON PHARMACEUTICALS INC,8731.0,232.0
52887230,1.13,1.16,2023-09-21,LXRX,LEXICON PHARMACEUTICALS INC,8731.0,232.0
52887230,1.07,1.11,2023-09-22,LXRX,LEXICON PHARMACEUTICALS INC,8731.0,232.0
52887230,1.06,1.07,2023-09-25,LXRX,LEXICON PHARMACEUTICALS INC,8731.0,232.0
52887230,1.17,1.05,2023-09-26,LXRX,LEXICON PHARMACEUTICALS INC,8731.0,232.0
52887230,1.21,1.2,2023-09-27,LXRX,LEXICON PHARMACEUTICALS INC,8731.0,232.0
52887230,1.1,1.2,2023-09-28,LXRX,LEXICON PHARMACEUTICALS INC,8731.0,232.0
52887230,1.09,1.1,2023-09-29,LXRX,LEXICON PHARMACEUTICALS INC,8731.0,232.0
52887230,1.02,1.09,2023-10-02,LXRX,LEXICON PHARMACEUTICALS INC,8731.0,232.0
52887230,1.04,1.0,2023-10-03,LXRX,LEXICON PHARMACEUTICALS INC,8731.0,232.0
52887230,1.03,1.03,2023-10-04,LXRX,LEXICON PHARMACEUTICALS INC,8731.0,232.0
52887230,1.05,1.04,2023-10-05,LXRX,LEXICON PHARMACEUTICALS INC,8731.0,232.0
52887230,1.08,1.03,2023-10-06,LXRX,LEXICON PHARMACEUTICALS INC,8731.0,232.0
52887230,1.0,1.07,2023-10-09,LXRX,LEXICON PHARMACEUTICALS INC,8731.0,232.0
52887230,1.12,1.11,2023-10-10,LXRX,LEXICON PHARMACEUTICALS INC,8731.0,232.0
52887230,1.07,1.13,2023-10-11,LXRX,LEXICON PHARMACEUTICALS INC,8731.0,232.0
52887230,1.04,1.06,2023-10-12,LXRX,LEXICON PHARMACEUTICALS INC,8731.0,232.0
52887230,1.19,1.14,2023-10-13,LXRX,LEXICON PHARMACEUTICALS INC,8731.0,232.0
52887230,1.36,1.29,2023-10-16,LXRX,LEXICON PHARMACEUTICALS INC,8731.0,232.0
52887230,1.25,1.37,2023-10-17,LXRX,LEXICON PHARMACEUTICALS INC,8731.0,232.0
52887230,1.2,1.25,2023-10-18,LXRX,LEXICON PHARMACEUTICALS INC,8731.0,232.0
52887230,1.155,1.16,2023-10-19,LXRX,LEXICON PHARMACEUTICALS INC,8731.0,232.0
52887230,1.13,1.16,2023-10-20,LXRX,LEXICON PHARMACEUTICALS INC,8731.0,232.0
52887230,1.09,1.09,2023-10-23,LXRX,LEXICON PHARMACEUTICALS INC,8731.0,232.0
52887230,1.19,1.11,2023-10-24,LXRX,LEXICON PHARMACEUTICALS INC,8731.0,232.0
52887230,1.135,1.17,2023-10-25,LXRX,LEXICON PHARMACEUTICALS INC,8731.0,232.0
52887230,1.15,1.14,2023-10-26,LXRX,LEXICON PHARMACEUTICALS INC,8731.0,232.0
52887230,1.11,1.16,2023-10-27,LXRX,LEXICON PHARMACEUTICALS INC,8731.0,232.0
52887230,1.2,1.12,2023-10-30,LXRX,LEXICON PHARMACEUTICALS INC,8731.0,232.0
52887230,1.24,1.19,2023-10-31,LXRX,LEXICON PHARMACEUTICALS INC,8731.0,232.0
52887230,1.34,1.26,2023-11-01,LXRX,LEXICON PHARMACEUTICALS INC,8731.0,232.0
52887230,1.4,1.35,2023-11-02,LXRX,LEXICON PHARMACEUTICALS INC,8731.0,232.0
52887230,1.48,1.38,2023-11-03,LXRX,LEXICON PHARMACEUTICALS INC,8731.0,232.0
52887230,1.29,1.5,2023-11-06,LXRX,LEXICON PHARMACEUTICALS INC,8731.0,232.0
52887230,1.25,1.27,2023-11-07,LXRX,LEXICON PHARMACEUTICALS INC,8731.0,232.0
52887230,1.14,1.12,2023-11-08,LXRX,LEXICON PHARMACEUTICALS INC,8731.0,232.0
52887230,1.035,1.13,2023-11-09,LXRX,LEXICON PHARMACEUTICALS INC,8731.0,232.0
52887230,1.01,1.01,2023-11-10,LXRX,LEXICON PHARMACEUTICALS INC,8731.0,232.0
52887230,1.07,1.02,2023-11-13,LXRX,LEXICON PHARMACEUTICALS INC,8731.0,232.0
52887230,1.12,1.08,2023-11-14,LXRX,LEXICON PHARMACEUTICALS INC,8731.0,232.0
52887230,1.14,1.13,2023-11-15,LXRX,LEXICON PHARMACEUTICALS INC,8731.0,232.0
52887230,1.06,1.11,2023-11-16,LXRX,LEXICON PHARMACEUTICALS INC,8731.0,232.0
52887230,1.12,1.09,2023-11-17,LXRX,LEXICON PHARMACEUTICALS INC,8731.0,232.0
52887230,1.18,1.15,2023-11-20,LXRX,LEXICON PHARMACEUTICALS INC,8731.0,232.0
52887230,1.08,1.15,2023-11-21,LXRX,LEXICON PHARMACEUTICALS INC,8731.0,232.0
52887230,1.1,1.1,2023-11-22,LXRX,LEXICON PHARMACEUTICALS INC,8731.0,232.0
52887230,1.13,1.16,2023-11-24,LXRX,LEXICON PHARMACEUTICALS INC,8731.0,232.0
52887230,1.11,1.13,2023-11-27,LXRX,LEXICON PHARMACEUTICALS INC,8731.0,232.0
52887230,1.1,1.12,2023-11-28,LXRX,LEXICON PHARMACEUTICALS INC,8731.0,232.0
52887230,1.11,1.12,2023-11-29,LXRX,LEXICON PHARMACEUTICALS INC,8731.0,232.0
52887230,1.06,1.13,2023-11-30,LXRX,LEXICON PHARMACEUTICALS INC,8731.0,232.0
52887230,1.15,1.07,2023-12-01,LXRX,LEXICON PHARMACEUTICALS INC,8731.0,232.0
52887230,1.2,1.15,2023-12-04,LXRX,LEXICON PHARMACEUTICALS INC,8731.0,232.0
52887230,1.14,1.19,2023-12-05,LXRX,LEXICON PHARMACEUTICALS INC,8731.0,232.0
52887230,1.24,1.15,2023-12-06,LXRX,LEXICON PHARMACEUTICALS INC,8731.0,232.0
52887230,1.25,1.29,2023-12-07,LXRX,LEXICON PHARMACEUTICALS INC,8731.0,232.0
52887230,1.25,1.25,2023-12-08,LXRX,LEXICON PHARMACEUTICALS INC,8731.0,232.0
52887230,1.25,1.25,2023-12-11,LXRX,LEXICON PHARMACEUTICALS INC,8731.0,232.0
52887230,1.18,1.22,2023-12-12,LXRX,LEXICON PHARMACEUTICALS INC,8731.0,232.0
52887230,1.28,1.19,2023-12-13,LXRX,LEXICON PHARMACEUTICALS INC,8731.0,232.0
52887230,1.3,1.3,2023-12-14,LXRX,LEXICON PHARMACEUTICALS INC,8731.0,232.0
52887230,1.27,1.3,2023-12-15,LXRX,LEXICON PHARMACEUTICALS INC,8731.0,232.0
52887230,1.21,1.26,2023-12-18,LXRX,LEXICON PHARMACEUTICALS INC,8731.0,232.0
52887230,1.27,1.22,2023-12-19,LXRX,LEXICON PHARMACEUTICALS INC,8731.0,232.0
52887230,1.22,1.25,2023-12-20,LXRX,LEXICON PHARMACEUTICALS INC,8731.0,232.0
52887230,1.27,1.26,2023-12-21,LXRX,LEXICON PHARMACEUTICALS INC,8731.0,232.0
52887230,1.31,1.29,2023-12-22,LXRX,LEXICON PHARMACEUTICALS INC,8731.0,232.0
52887230,1.41,1.36,2023-12-26,LXRX,LEXICON PHARMACEUTICALS INC,8731.0,232.0
52887230,1.46,1.43,2023-12-27,LXRX,LEXICON PHARMACEUTICALS INC,8731.0,232.0
52887230,1.53,1.49,2023-12-28,LXRX,LEXICON PHARMACEUTICALS INC,8731.0,232.0
52887230,1.53,1.57,2023-12-29,LXRX,LEXICON PHARMACEUTICALS INC,8731.0,232.0
